player_id,name,teams,games_played,toi_all_min,toi_5v5_min,toi_pk_min,all_shots,all_ga,all_xga,all_gsax,all_sv,all_xsv,all_dsv,all_gsax_100,all_gsax_60,5v5_shots,5v5_ga,5v5_xga,5v5_gsax,5v5_sv,5v5_xsv,5v5_dsv,5v5_gsax_100,5v5_gsax_60,pk_shots,pk_ga,pk_xga,pk_gsax,pk_sv,pk_xsv,pk_dsv,pk_gsax_100,pk_gsax_60,all_xga_raw,all_gsax_raw,all_xsv_raw,all_gsax_100_raw,all_gsax_60_raw,5v5_xga_raw,5v5_gsax_raw,5v5_xsv_raw,5v5_gsax_100_raw,5v5_gsax_60_raw,pk_xga_raw,pk_gsax_raw,pk_xsv_raw,pk_gsax_100_raw,pk_gsax_60_raw
8480313,Logan Thompson,WSH,58,3445.1,2758.4,278.8,1587,140,168.976783,28.976783,0.9118,0.89352,0.0187,1.8259,0.5047,1218,94,118.013618,24.013618,0.9228,0.90311,0.0201,1.9716,0.5223,247,29,36.77137,7.77137,0.8826,0.85113,0.0321,3.1463,1.6725,169.646,29.646,0.8931,1.868,0.516,118.481,24.481,0.9027,2.01,0.532,36.917,7.917,0.8505,3.205,1.704
8480280,Jeremy Swayman,BOS,55,3235.3,2556.0,302.4,1572,146,169.829407,23.829407,0.9071,0.89197,0.0156,1.5159,0.4419,1137,86,108.297099,22.297099,0.9244,0.90475,0.02,1.961,0.5234,290,46,42.995719,-3.004281,0.8414,0.85174,-0.0098,-1.036,-0.5961,170.502,24.502,0.8915,1.559,0.454,108.726,22.726,0.9044,1.999,0.533,43.166,-2.834,0.8512,-0.977,-0.562
8478009,Ilya Sorokin,NYI,55,3226.2,2607.5,230.6,1530,144,167.301418,23.301418,0.9059,0.89065,0.0157,1.523,0.4334,1186,101,117.921981,16.921981,0.9148,0.90057,0.0147,1.4268,0.3894,236,29,36.987514,7.987514,0.8771,0.84327,0.0345,3.3845,2.0783,167.964,23.964,0.8902,1.566,0.446,118.389,17.389,0.9002,1.466,0.4,37.134,8.134,0.8427,3.447,2.116
8476883,Andrei Vasilevskiy,TBL,58,3430.8,2723.2,296.6,1485,132,153.613628,21.613628,0.9111,0.89656,0.015,1.4555,0.378,1125,99,105.970314,6.970314,0.912,0.9058,0.0066,0.6196,0.1536,235,23,33.175611,10.175611,0.9021,0.85883,0.0439,4.33,2.0585,154.222,22.222,0.8961,1.496,0.389,106.39,7.39,0.9054,0.657,0.163,33.307,10.307,0.8583,4.386,2.085
8478048,Igor Shesterkin,NYR,51,3024.2,2482.2,254.7,1425,126,145.283618,19.283618,0.9116,0.89805,0.0139,1.3532,0.3826,1097,81,98.529782,17.529782,0.9262,0.91018,0.0163,1.598,0.4237,236,32,34.281232,2.281232,0.8644,0.85474,0.0102,0.9666,0.5374,145.859,19.859,0.8976,1.394,0.394,98.92,17.92,0.9098,1.634,0.433,34.417,2.417,0.8542,1.024,0.569
8475809,Scott Wedgewood,COL,45,2549.1,2004.3,195.9,1092,86,103.706281,17.706281,0.9212,0.90503,0.0166,1.6215,0.4168,839,61,70.455966,9.455966,0.9273,0.91602,0.0116,1.1271,0.2831,160,16,22.672209,6.672209,0.9,0.8583,0.0423,4.1701,2.0436,104.117,18.117,0.9047,1.659,0.426,70.735,9.735,0.9157,1.16,0.291,22.762,6.762,0.8577,4.226,2.071
8482982,Jet Greaves,CBJ,55,3276.1,2662.7,245.9,1539,142,156.913559,14.913559,0.9077,0.89804,0.0101,0.969,0.2731,1196,97,105.776084,8.776084,0.9189,0.91156,0.0077,0.7338,0.1978,225,28,35.896834,7.896834,0.8756,0.84046,0.0357,3.5097,1.9268,157.535,15.535,0.8976,1.009,0.285,106.195,9.195,0.9112,0.769,0.207,36.039,8.039,0.8398,3.573,1.961
8482445,Devin Cooley,CGY,31,1718.0,1376.2,151.1,847,77,91.834299,14.834299,0.9091,0.89158,0.0179,1.7514,0.5181,651,59,64.145956,5.145956,0.9094,0.90147,0.0083,0.7905,0.2244,133,14,18.801538,4.801538,0.8947,0.85864,0.0367,3.6102,1.9066,92.198,15.198,0.8911,1.794,0.531,64.4,5.4,0.9011,0.83,0.235,18.876,4.876,0.8581,3.666,1.936
8482661,Jesper Wallstedt,MIN,35,1996.7,1623.9,157.2,1021,87,100.703174,13.703174,0.9148,0.90137,0.0138,1.3421,0.4118,800,64,70.001765,6.001765,0.92,0.9125,0.0078,0.7502,0.2218,162,14,22.867436,8.867436,0.9136,0.85884,0.0553,5.4737,3.3845,101.102,14.102,0.901,1.381,0.424,70.279,6.279,0.9122,0.785,0.232,22.958,8.958,0.8583,5.529,3.419
8480045,Ukko-Pekka Luukkonen,BUF,35,2027.8,1615.5,160.1,931,85,97.945098,12.945098,0.9087,0.8948,0.0143,1.3905,0.383,707,61,65.539437,4.539437,0.9137,0.9073,0.0068,0.6421,0.1686,132,14,19.904171,5.904171,0.8939,0.84921,0.0453,4.4729,2.2127,98.333,13.333,0.8944,1.432,0.395,65.799,4.799,0.9069,0.679,0.178,19.983,5.983,0.8486,4.533,2.243
8479312,Alex Lyon,BUF,36,1992.0,1604.3,161.3,980,92,103.624604,11.624604,0.9061,0.89426,0.0123,1.1862,0.3501,752,64,71.862396,7.862396,0.9149,0.90444,0.0108,1.0455,0.294,158,17,22.837554,5.837554,0.8924,0.85546,0.0375,3.6947,2.1714,104.035,12.035,0.8938,1.228,0.362,72.147,8.147,0.9041,1.083,0.305,22.928,5.928,0.8549,3.752,2.205
8482487,Jakub Dobes,MTL,43,2525.6,2021.6,195.0,1187,117,127.121547,10.121547,0.9014,0.89291,0.009,0.8527,0.2405,905,78,86.853027,8.853027,0.9138,0.90403,0.0102,0.9782,0.2628,170,23,26.209201,3.209201,0.8647,0.84583,0.0195,1.8878,0.9874,127.625,10.625,0.8925,0.895,0.252,87.197,9.197,0.9036,1.016,0.273,26.313,3.313,0.8452,1.949,1.02
8480981,Joel Hofer,STL,46,2624.7,2123.9,214.0,1250,114,124.072622,10.072622,0.9088,0.90074,0.0085,0.8058,0.2303,962,82,87.09706,5.09706,0.9148,0.90946,0.0057,0.5298,0.144,192,24,25.834684,1.834684,0.875,0.86544,0.0101,0.9556,0.5144,124.564,10.564,0.9003,0.845,0.242,87.442,5.442,0.9091,0.566,0.154,25.937,1.937,0.8649,1.009,0.543
8474596,Jake Allen,NJD,37,2186.6,1836.2,156.3,1032,100,110.047168,10.047168,0.9031,0.89337,0.0102,0.9736,0.2757,852,81,84.736409,3.736409,0.9049,0.90054,0.0048,0.4385,0.1221,121,14,17.38216,3.38216,0.8843,0.85635,0.0285,2.7952,1.2983,110.483,10.483,0.8929,1.016,0.288,85.072,4.072,0.9002,0.478,0.133,17.451,3.451,0.8558,2.852,1.325
8481020,Justus Annunen,NSH,28,1500.5,1190.5,142.6,712,67,76.970167,9.970167,0.9059,0.8919,0.0144,1.4003,0.3987,551,45,53.477209,8.477209,0.9183,0.90295,0.0158,1.5385,0.4272,115,16,18.654122,2.654122,0.8609,0.83779,0.0237,2.3079,1.1167,77.275,10.275,0.8915,1.443,0.411,53.689,8.689,0.9026,1.577,0.438,18.728,2.728,0.8371,2.372,1.148
8481519,Spencer Knight,CHI,55,3293.5,2665.5,255.7,1583,155,163.7206,8.7206,0.9021,0.89658,0.0059,0.5509,0.1589,1273,116,121.71994,5.71994,0.9089,0.90438,0.0049,0.4493,0.1288,204,23,28.641568,5.641568,0.8873,0.8596,0.0282,2.7655,1.3238,164.369,9.369,0.8962,0.592,0.171,122.202,6.202,0.904,0.487,0.14,28.755,5.755,0.859,2.821,1.351
8484170,Jacob Fowler,MTL,17,1010.7,802.2,90.6,447,41,49.015877,8.015877,0.9083,0.89034,0.0184,1.7933,0.4759,327,30,32.253264,2.253264,0.9083,0.90137,0.0073,0.6891,0.1685,82,9,12.365029,3.365029,0.8902,0.84921,0.0416,4.1037,2.2285,49.21,8.21,0.8899,1.837,0.487,32.381,2.381,0.901,0.728,0.178,12.414,3.414,0.8486,4.163,2.26
8483710,Dennis Hildeby,TOR,20,1014.1,825.9,70.9,555,50,57.515216,7.515216,0.9099,0.89637,0.014,1.3541,0.4446,431,39,40.646025,1.646025,0.9095,0.90569,0.0042,0.3819,0.1196,89,7,11.891903,4.891903,0.9213,0.86638,0.0555,5.4965,4.1398,57.743,7.743,0.896,1.395,0.458,40.807,1.807,0.9053,0.419,0.131,11.939,4.939,0.8658,5.55,4.182
8476434,John Gibson,DET,57,3181.2,2586.0,224.7,1461,144,150.725067,6.725067,0.9014,0.89683,0.005,0.4603,0.1268,1141,100,108.191518,8.191518,0.9124,0.90518,0.0076,0.7179,0.1901,199,32,29.353747,-2.646253,0.8392,0.85249,-0.0127,-1.3298,-0.7066,151.322,7.322,0.8964,0.501,0.138,108.62,8.62,0.9048,0.755,0.2,29.47,-2.53,0.8519,-1.271,-0.676
8479193,Casey DeSmith,DAL,30,1755.0,1402.0,148.3,760,71,77.347672,6.347672,0.9066,0.89823,0.0088,0.8352,0.217,581,46,54.491193,8.491193,0.9208,0.90621,0.015,1.4615,0.3634,117,18,15.756597,-2.243403,0.8462,0.86533,-0.0186,-1.9174,-0.9076,77.654,6.654,0.8978,0.875,0.227,54.707,8.707,0.9058,1.499,0.373,15.819,-2.181,0.8648,-1.864,-0.882
8477424,Juuse Saros,NSH,59,3432.6,2756.8,270.4,1700,181,186.839041,5.839041,0.8935,0.89009,0.0039,0.3435,0.1021,1342,136,131.487257,-4.512743,0.8987,0.90202,-0.003,-0.3363,-0.0982,211,28,36.22354,8.22354,0.8673,0.82832,0.0397,3.8974,1.8248,187.579,6.579,0.8897,0.387,0.115,132.008,-3.992,0.9016,-0.297,-0.087,36.367,8.367,0.8276,3.965,1.857
8476341,Anton Forsberg,LAK,36,2032.1,1665.2,144.0,953,87,93.179969,6.179969,0.9087,0.90222,0.0069,0.6485,0.1825,746,55,62.88495,7.88495,0.9263,0.9157,0.0109,1.057,0.2841,133,23,21.329526,-1.670474,0.8271,0.83963,-0.0119,-1.256,-0.696,93.549,6.549,0.9018,0.687,0.193,63.134,8.134,0.9154,1.09,0.293,21.414,-1.586,0.839,-1.193,-0.661
8475831,Philipp Grubauer,SEA,32,1791.1,1481.0,128.8,865,79,84.984427,5.984427,0.9087,0.90175,0.0073,0.6918,0.2005,697,52,61.210581,9.210581,0.9254,0.91218,0.0136,1.3215,0.3731,114,20,17.736755,-2.263245,0.8246,0.84441,-0.0192,-1.9853,-1.0543,85.321,6.321,0.9014,0.731,0.212,61.453,9.453,0.9118,1.356,0.383,17.807,-2.193,0.8438,-1.924,-1.021
8478435,Dan Vladar,PHI,52,2995.2,2396.2,232.0,1283,121,126.653401,5.653401,0.9057,0.90128,0.0048,0.4406,0.1132,977,72,84.102918,12.102918,0.9263,0.91392,0.0127,1.2388,0.3031,196,36,28.552919,-7.447081,0.8163,0.85432,-0.0374,-3.7995,-1.926,127.155,6.155,0.9009,0.48,0.123,84.436,12.436,0.9136,1.273,0.311,28.666,-7.334,0.8537,-3.742,-1.896
8483548,Brandon Bussi,CAR,39,2360.8,1911.5,162.5,913,97,102.687316,5.687316,0.8938,0.88753,0.0067,0.6229,0.1445,717,67,73.34851,6.34851,0.9066,0.8977,0.0093,0.8854,0.1993,110,22,18.28857,-3.71143,0.8,0.83374,-0.0331,-3.374,-1.3704,103.094,6.094,0.8871,0.667,0.155,73.639,6.639,0.8973,0.926,0.208,18.361,-3.639,0.8331,-3.308,-1.344
8482193,Dylan Garand,NYR,3,185.0,150.4,14.9,96,5,10.77931,5.77931,0.9479,0.88772,0.0606,6.0201,1.8744,71,4,7.434556,3.434556,0.9437,0.89529,0.0488,4.8374,1.3702,17,1,1.993106,0.993106,0.9412,0.88276,0.0589,5.8418,3.9991,10.822,5.822,0.8873,6.064,1.888,7.464,3.464,0.8949,4.879,1.382,2.001,1.001,0.8823,5.889,4.018
8478872,Karel Vejmelka,UTA,64,3692.8,3012.7,300.6,1627,169,173.342493,4.342493,0.8961,0.89346,0.0031,0.2669,0.0706,1246,118,120.270679,2.270679,0.9053,0.90347,0.0022,0.1822,0.0452,275,40,40.172899,0.172899,0.8545,0.85392,0.0012,0.0629,0.0345,174.029,5.029,0.893,0.309,0.082,120.747,2.747,0.9031,0.22,0.055,40.332,0.332,0.8533,0.121,0.066
8481692,Dustin Wolf,CGY,57,3149.2,2551.9,231.6,1559,158,161.565136,3.565136,0.8987,0.89637,0.0027,0.2287,0.0679,1200,116,112.887918,-3.112082,0.9033,0.90593,-0.0022,-0.2593,-0.0732,229,32,35.031262,3.031262,0.8603,0.84703,0.0138,1.3237,0.7853,162.205,4.205,0.896,0.27,0.08,113.335,-2.665,0.9056,-0.222,-0.063,35.17,3.17,0.8464,1.384,0.821
8481551,Colten Ellis,BUF,16,911.3,731.9,57.9,455,44,47.12138,3.12138,0.9033,0.89644,0.0073,0.686,0.2055,355,31,33.69854,2.69854,0.9127,0.90507,0.008,0.7602,0.2212,56,8,8.572051,0.572051,0.8571,0.84693,0.0108,1.0215,0.5928,47.308,3.308,0.896,0.727,0.218,33.832,2.832,0.9047,0.798,0.232,8.606,0.606,0.8463,1.082,0.628
8478406,Mackenzie Blackwood,COL,38,2155.7,1752.0,179.9,933,90,92.768599,2.768599,0.9035,0.90057,0.0034,0.2967,0.0771,726,62,66.570354,4.570354,0.9146,0.90831,0.0067,0.6295,0.1565,142,21,20.192031,-0.807969,0.8521,0.8578,-0.0051,-0.569,-0.2695,93.136,3.136,0.9002,0.336,0.087,66.834,4.834,0.9079,0.666,0.166,20.272,-0.728,0.8572,-0.513,-0.243
8479406,Filip Gustavsson,MIN,50,2967.9,2402.3,191.7,1378,133,135.50136,2.50136,0.9035,0.90167,0.0022,0.1815,0.0506,1094,94,98.237938,4.237938,0.9141,0.9102,0.0042,0.3874,0.1058,195,28,27.332751,-0.667249,0.8564,0.85983,-0.0029,-0.3422,-0.2088,136.038,3.038,0.9013,0.22,0.061,98.627,4.627,0.9098,0.423,0.116,27.441,-0.559,0.8593,-0.286,-0.175
8482949,Arsenii Sergeev,CGY,1,60.0,48.9,4.0,28,1,3.344753,2.344753,0.9643,0.88054,0.0842,8.3741,2.3448,26,1,3.114665,2.114665,0.9615,0.88021,0.0818,8.1333,2.5947,2,0,0.230089,0.230089,1.0,0.88496,0.1156,11.5044,3.4513,3.358,2.358,0.8801,8.42,2.358,3.127,2.127,0.8797,8.179,2.612,0.231,0.231,0.8844,11.559,3.468
8477967,Thatcher Demko,VAN,20,1115.9,886.6,91.0,515,54,55.968343,1.968343,0.8951,0.89132,0.0043,0.3822,0.1058,402,37,39.767505,2.767505,0.908,0.90108,0.0073,0.6884,0.1873,77,11,12.076173,1.076173,0.8571,0.84317,0.0146,1.3976,0.7096,56.19,2.19,0.8909,0.425,0.118,39.925,2.925,0.9007,0.728,0.198,12.124,1.124,0.8425,1.46,0.741
8478971,Connor Ingram,EDM,32,1778.2,1478.9,126.8,763,77,78.79494,1.79494,0.8991,0.89673,0.0028,0.2352,0.0606,607,60,56.603826,-3.396174,0.9012,0.90675,-0.0052,-0.5595,-0.1378,105,14,16.48571,2.48571,0.8667,0.84299,0.0243,2.3673,1.1762,79.107,2.107,0.8963,0.276,0.071,56.828,-3.172,0.9064,-0.523,-0.129,16.551,2.551,0.8424,2.429,1.207
8479979,Jake Oettinger,DAL,54,3194.2,2553.9,269.5,1371,138,139.444742,1.444742,0.8993,0.89829,0.0015,0.1054,0.0271,1051,92,96.212958,4.212958,0.9125,0.90846,0.0044,0.4009,0.099,205,32,29.399566,-2.600434,0.8439,0.85659,-0.0121,-1.2685,-0.5789,139.997,1.997,0.8979,0.146,0.038,96.594,4.594,0.9081,0.437,0.108,29.516,-2.484,0.856,-1.212,-0.553
8476899,Matt Murray,SEA,5,216.9,175.0,16.9,102,8,9.495394,1.495394,0.9216,0.90691,0.015,1.4661,0.4137,80,4,6.822978,2.822978,0.95,0.91471,0.0356,3.5287,0.9679,17,4,2.225187,-1.774813,0.7647,0.86911,-0.1039,-10.4401,-6.3011,9.533,1.533,0.9065,1.503,0.424,6.85,2.85,0.9144,3.563,0.977,2.234,-1.766,0.8686,-10.388,-6.263
8481611,Pyotr Kochetkov,CAR,9,490.1,400.1,32.3,189,19,20.368333,1.368333,0.8995,0.89223,0.0077,0.724,0.1675,146,15,14.929872,-0.070128,0.8973,0.89774,-0.0001,-0.048,-0.0105,27,3,4.157534,1.157534,0.8889,0.84602,0.0435,4.2872,2.1502,20.449,1.449,0.8918,0.767,0.177,14.989,-0.011,0.8973,-0.008,-0.002,4.174,1.174,0.8454,4.349,2.183
8483532,Clay Stevenson,WSH,4,239.7,198.8,12.4,101,8,9.359931,1.359931,0.9208,0.90733,0.0138,1.3465,0.3404,83,7,7.694527,0.694527,0.9157,0.90729,0.0087,0.8368,0.2096,12,1,1.258018,0.258018,0.9167,0.89517,0.0219,2.1501,1.2485,9.397,1.397,0.907,1.383,0.35,7.725,0.725,0.9069,0.873,0.219,1.263,0.263,0.8948,2.188,1.271
8482076,Nico Daws,NJD,3,183.3,156.9,12.5,87,8,9.233432,1.233432,0.908,0.89387,0.0146,1.4177,0.4037,72,7,7.028166,0.028166,0.9028,0.90239,0.0008,0.0391,0.0108,14,1,1.946292,0.946292,0.9286,0.86098,0.0682,6.7592,4.5422,9.27,1.27,0.8934,1.46,0.416,7.056,0.056,0.902,0.077,0.021,1.954,0.954,0.8604,6.817,4.575
8484910,Victor Ostman,SEA,1,57.2,43.5,7.6,35,2,2.794931,0.794931,0.9429,0.92014,0.023,2.2712,0.8338,29,2,2.264034,0.264034,0.931,0.92193,0.0094,0.9105,0.3642,5,0,0.359576,0.359576,1.0,0.92808,0.0721,7.1915,2.8388,2.806,0.806,0.9198,2.304,0.846,2.273,0.273,0.9216,0.942,0.376,0.361,0.361,0.9279,7.215,2.835
8477968,Alex Nedeljkovic,SJS,40,2278.0,1847.2,169.7,1049,109,109.252316,0.252316,0.8961,0.89585,0.0007,0.0241,0.0066,813,77,76.561784,-0.438216,0.9053,0.90583,-0.0002,-0.0539,-0.0142,154,23,21.598461,-1.401539,0.8506,0.85975,-0.0085,-0.9101,-0.4955,109.685,0.685,0.8954,0.065,0.018,76.865,-0.135,0.9055,-0.017,-0.004,21.684,-1.316,0.8592,-0.854,-0.465
8482123,Drew Commesso,CHI,3,181.7,143.4,14.2,85,7,7.389734,0.389734,0.9176,0.91306,0.0049,0.4585,0.1287,67,7,5.352801,-1.647199,0.8955,0.92011,-0.0243,-2.4585,-0.6892,7,0,1.020957,1.020957,1.0,0.85415,0.1465,14.5851,4.3139,7.419,0.419,0.9127,0.492,0.138,5.374,-1.626,0.9198,-2.427,-0.68,1.025,1.025,0.8535,14.648,4.333
8479496,David Rittich,NYI,30,1651.3,1337.9,113.3,718,76,75.914348,-0.085652,0.8942,0.89427,0.0003,-0.0119,-0.0031,568,57,54.956351,-2.043649,0.8996,0.90325,-0.0032,-0.3598,-0.0917,98,11,14.896006,3.896006,0.8878,0.848,0.0404,3.9755,2.0632,76.215,0.215,0.8939,0.03,0.008,55.174,-1.826,0.9029,-0.322,-0.082,14.955,3.955,0.8474,4.035,2.095
8479973,Stuart Skinner,PIT/EDM,50,2921.9,2427.8,201.0,1267,142,141.641044,-0.358956,0.8879,0.88821,0.0002,-0.0283,-0.0074,990,99,98.32061,-0.67939,0.9,0.90069,-0.0003,-0.0686,-0.0168,184,30,28.608698,-1.391302,0.837,0.84452,-0.0069,-0.7561,-0.4153,142.202,0.202,0.8878,0.016,0.004,98.71,-0.29,0.9003,-0.029,-0.007,28.722,-1.278,0.8439,-0.695,-0.382
8480022,Michael Dipietro,BOS,1,6.0,5.4,0.0,2,0,0.173314,0.173314,1.0,0.91334,0.0869,8.6657,1.7331,1,0,0.157377,0.157377,1.0,0.84262,0.1576,15.7377,1.7486,0,0,0.0,0.0,0.0,,0.0,,,0.174,0.174,0.9131,8.688,1.723,0.158,0.158,0.8424,15.756,1.762,0.0,0.0,0.0,0.0,
8481529,Trent Miner,COL,4,236.6,181.4,19.0,105,8,8.017248,0.017248,0.9238,0.92365,0.0005,0.0164,0.0044,80,5,5.493245,0.493245,0.9375,0.93133,0.0064,0.6166,0.1631,15,0,1.465197,1.465197,1.0,0.90232,0.0981,9.768,4.6269,8.049,0.049,0.9233,0.047,0.013,5.515,0.515,0.9311,0.643,0.17,1.471,1.471,0.9019,9.81,4.655
8482515,Artur Akhtyamov,TOR,3,126.0,107.6,13.5,82,11,10.761381,-0.238619,0.8659,0.86876,-0.0024,-0.291,-0.1136,65,7,6.719388,-0.280612,0.8923,0.89662,-0.0039,-0.4317,-0.1565,15,3,3.797959,0.797959,0.8,0.7468,0.0542,5.3197,3.5465,10.804,-0.196,0.8682,-0.239,-0.093,6.746,-0.254,0.8962,-0.391,-0.142,3.813,0.813,0.7458,5.422,3.615
8477831,Pheonix Copley,LAK,1,58.6,50.5,2.1,28,3,2.294911,-0.705089,0.8929,0.91804,-0.0249,-2.5182,-0.7219,22,2,1.558826,-0.441174,0.9091,0.92914,-0.0198,-2.0053,-0.5242,5,1,0.729112,-0.270888,0.8,0.85418,-0.0537,-5.4178,-7.7396,2.304,-0.696,0.9177,-2.486,-0.713,1.565,-0.435,0.9289,-1.977,-0.517,0.732,-0.268,0.8537,-5.368,-7.73
8482411,Hunter Shepard,OTT,1,35.8,22.8,7.5,12,2,1.059803,-0.940197,0.8333,0.91168,-0.078,-7.835,-1.5757,9,1,0.616558,-0.383442,0.8889,0.93149,-0.0424,-4.2605,-1.0091,2,0,0.260966,0.260966,1.0,0.86952,0.1311,13.0483,2.0877,1.064,-0.936,0.9114,-7.802,-1.57,0.619,-0.381,0.9312,-4.236,-1.005,0.262,0.262,0.8689,13.107,2.097
8476945,Connor Hellebuyck,WPG,57,3401.4,2790.2,253.3,1546,161,159.340945,-1.659055,0.8959,0.89693,-0.0007,-0.1073,-0.0293,1232,115,114.766478,-0.233522,0.9067,0.90685,0.0002,-0.019,-0.005,202,29,29.558935,0.558935,0.8564,0.85367,0.0033,0.2767,0.1324,159.972,-1.028,0.8965,-0.066,-0.018,115.221,0.221,0.9065,0.018,0.005,29.676,0.676,0.8531,0.335,0.16
8477405,Marcus Hogberg,NYI,1,13.5,10.4,2.0,7,2,0.924339,-1.075661,0.7143,0.86795,-0.1531,-15.3666,-4.7807,4,2,0.627515,-1.372485,0.5,0.84312,-0.3425,-34.3121,-7.9182,3,0,0.296824,0.296824,1.0,0.90106,0.0993,9.8941,8.9047,0.928,-1.072,0.8674,-15.313,-4.77,0.63,-1.37,0.8425,-34.246,-7.928,0.298,0.298,0.9007,9.931,8.938
8477990,Brandon Halverson,TBL,2,56.9,49.5,3.4,21,4,2.908481,-1.091519,0.8095,0.8615,-0.0514,-5.1977,-1.151,17,3,2.098688,-0.901312,0.8235,0.87655,-0.0525,-5.3018,-1.0925,3,1,0.745049,-0.254951,0.6667,0.75165,-0.084,-8.4984,-4.4991,2.92,-1.08,0.8609,-5.142,-1.139,2.107,-0.893,0.876,-5.25,-1.083,0.748,-0.252,0.7506,-8.398,-4.424
8483746,Vyacheslav Buteyets,ANA,1,20.0,16.8,1.2,13,3,1.706243,-1.293757,0.7692,0.86875,-0.099,-9.952,-3.8813,12,2,1.435316,-0.564684,0.8333,0.88039,-0.0466,-4.7057,-2.0167,1,1,0.270927,-0.729073,0.0,0.72907,-0.7275,-72.9073,-36.4536,1.713,-1.287,0.8682,-9.897,-3.86,1.441,-0.559,0.8799,-4.659,-2.001,0.272,-0.728,0.7275,-72.752,-35.393
8476932,Anthony Stolarz,TOR,26,1389.2,1122.2,121.4,708,76,74.31568,-1.68432,0.8927,0.89503,-0.002,-0.2379,-0.0727,540,59,49.333619,-9.666381,0.8907,0.90864,-0.0175,-1.7901,-0.5168,118,12,18.347337,6.347337,0.8983,0.84451,0.0544,5.3791,3.1371,74.61,-1.39,0.8946,-0.196,-0.06,49.529,-9.471,0.9083,-1.754,-0.506,18.42,6.42,0.8439,5.441,3.173
8483114,Thomas Milic,WPG,3,138.6,118.6,12.0,62,8,6.284112,-1.715888,0.871,0.89864,-0.0273,-2.7676,-0.7428,55,8,5.59783,-2.40217,0.8545,0.89822,-0.0433,-4.3676,-1.2153,3,0,0.466154,0.466154,1.0,0.84462,0.1561,15.5385,2.3308,6.309,-1.691,0.8982,-2.728,-0.732,5.62,-2.38,0.8978,-4.327,-1.204,0.468,0.468,0.8439,15.607,2.341
8480843,Lukas Dostal,ANA,56,3267.9,2601.0,275.8,1513,169,166.565334,-2.434666,0.8883,0.88991,-0.0012,-0.1609,-0.0447,1160,117,114.637987,-2.362013,0.8991,0.90117,-0.0016,-0.2036,-0.0545,245,39,36.971578,-2.028422,0.8408,0.8491,-0.0077,-0.8279,-0.4413,167.225,-1.775,0.8895,-0.117,-0.033,115.092,-1.908,0.9008,-0.164,-0.044,37.118,-1.882,0.8485,-0.768,-0.41
8480238,Jiri Patera,VAN,1,56.8,39.2,9.4,40,7,5.189448,-1.810552,0.825,0.87026,-0.0447,-4.5264,-1.9126,32,5,3.833817,-1.166183,0.8438,0.88019,-0.036,-3.6443,-1.785,8,2,1.355631,-0.644369,0.75,0.83055,-0.0799,-8.0546,-4.113,5.21,-1.79,0.8697,-4.474,-1.89,3.849,-1.151,0.8797,-3.596,-1.761,1.361,-0.639,0.8299,-7.985,-4.063
8481544,Mads Sogaard,OTT,2,77.4,69.2,6.2,36,6,4.07287,-1.92713,0.8333,0.88686,-0.0531,-5.3531,-1.4939,28,4,2.649507,-1.350493,0.8571,0.90537,-0.0478,-4.8232,-1.1709,8,2,1.423363,-0.576637,0.75,0.82208,-0.0714,-7.208,-5.5804,4.089,-1.911,0.8864,-5.308,-1.481,2.66,-1.34,0.905,-4.785,-1.162,1.429,-0.571,0.8214,-7.139,-5.483
8483668,Nikke Kokko,SEA,3,177.7,159.5,8.7,82,9,6.968402,-2.031598,0.8902,0.91502,-0.0244,-2.4776,-0.686,73,8,5.774132,-2.225868,0.8904,0.9209,-0.0302,-3.0491,-0.8373,3,0,0.603609,0.603609,1.0,0.7988,0.202,20.1203,4.1628,6.996,-2.004,0.9147,-2.443,-0.677,5.797,-2.203,0.9206,-3.017,-0.829,0.606,0.606,0.798,20.201,4.196
8471734,Jonathan Quick,NYR,25,1418.0,1170.9,107.1,671,73,70.555571,-2.444429,0.8912,0.89485,-0.0032,-0.3643,-0.1034,526,57,49.918303,-7.081697,0.8916,0.9051,-0.0131,-1.3463,-0.3629,103,13,16.265582,3.265582,0.8738,0.84208,0.0323,3.1705,1.8295,70.835,-2.165,0.8944,-0.323,-0.092,50.116,-6.884,0.9047,-1.309,-0.353,16.33,3.33,0.8415,3.233,1.865
8480193,Daniil Tarasov,FLA,33,1905.7,1515.2,172.6,925,97,94.44994,-2.55006,0.8951,0.89789,-0.0024,-0.2757,-0.0803,717,71,67.720798,-3.279202,0.901,0.90555,-0.0042,-0.4574,-0.1299,151,19,20.63926,1.63926,0.8742,0.86332,0.0114,1.0856,0.5698,94.824,-2.176,0.8975,-0.235,-0.069,67.989,-3.011,0.9052,-0.42,-0.119,20.721,1.721,0.8628,1.14,0.598
8483703,Sergei Murashov,PIT,5,281.3,226.5,29.2,116,12,9.727475,-2.272525,0.8966,0.91614,-0.0193,-1.9591,-0.4847,84,8,6.122751,-1.877249,0.9048,0.92711,-0.0221,-2.2348,-0.4973,26,2,2.886568,0.886568,0.9231,0.88898,0.0345,3.4099,1.8217,9.766,-2.234,0.9158,-1.925,-0.476,6.147,-1.853,0.9268,-2.206,-0.491,2.898,0.898,0.8886,3.452,1.846
8473503,James Reimer,OTT,14,817.8,649.9,67.4,289,33,30.637662,-2.362338,0.8858,0.89399,-0.0078,-0.8174,-0.1733,218,22,19.065493,-2.934507,0.8991,0.91254,-0.0131,-1.3461,-0.2709,49,7,8.417663,1.417663,0.8571,0.82821,0.0296,2.8932,1.262,30.759,-2.241,0.8936,-0.776,-0.164,19.141,-2.859,0.9122,-1.311,-0.264,8.451,1.451,0.8275,2.962,1.292
8478024,Ville Husso,ANA,20,1145.6,887.1,95.2,533,62,59.383816,-2.616184,0.8837,0.88859,-0.0045,-0.4908,-0.137,404,47,41.064368,-5.935632,0.8837,0.89836,-0.0143,-1.4692,-0.4015,79,12,10.408777,-1.591223,0.8481,0.86824,-0.0196,-2.0142,-1.0029,59.619,-2.381,0.8881,-0.447,-0.125,41.227,-5.773,0.898,-1.429,-0.39,10.45,-1.55,0.8677,-1.962,-0.976
8482783,Aleksei Kolosov,PHI,4,120.0,101.6,7.2,47,8,5.299014,-2.700986,0.8298,0.88726,-0.057,-5.7468,-1.3505,40,7,3.896568,-3.103432,0.825,0.90259,-0.0772,-7.7586,-1.8327,6,1,1.26001,0.26001,0.8333,0.79,0.0442,4.3335,2.1667,5.32,-2.68,0.8868,-5.702,-1.34,3.912,-3.088,0.9022,-7.721,-1.824,1.265,0.265,0.7891,4.42,2.195
8479361,Joseph Woll,TOR,39,2224.7,1827.2,169.8,1215,122,118.164022,-3.835978,0.8996,0.90275,-0.0028,-0.3157,-0.1035,958,90,82.543096,-7.456904,0.9061,0.91384,-0.0074,-0.7784,-0.2449,163,19,22.50786,3.50786,0.8834,0.86191,0.0221,2.1521,1.2395,118.632,-3.368,0.9024,-0.277,-0.091,82.87,-7.13,0.9135,-0.744,-0.234,22.597,3.597,0.8614,2.207,1.271
8476914,Joonas Korpisalo,BOS,31,1713.1,1378.6,145.6,851,90,86.236469,-3.763531,0.8942,0.89866,-0.004,-0.4422,-0.1318,648,63,58.206479,-4.793521,0.9028,0.91018,-0.007,-0.7397,-0.2086,128,18,19.023659,1.023659,0.8594,0.85138,0.0086,0.7997,0.4218,86.578,-3.422,0.8983,-0.402,-0.12,58.437,-4.563,0.9098,-0.704,-0.199,19.099,1.099,0.8508,0.859,0.453
8476316,Laurent Brossoit,SJS,1,59.1,50.3,4.9,24,6,2.3736,-3.6264,0.75,0.9011,-0.1507,-15.11,-3.6816,20,4,1.855651,-2.144349,0.8,0.90722,-0.1068,-10.7217,-2.5579,3,2,0.31575,-1.68425,0.3333,0.89475,-0.561,-56.1417,-20.6235,2.383,-3.617,0.9007,-15.071,-3.669,1.863,-2.137,0.9068,-10.684,-2.551,0.317,-1.683,0.8943,-56.099,-20.678
8482761,Carl Lindbom,VGK,8,480.7,380.1,41.7,189,24,20.066528,-3.933472,0.873,0.89383,-0.0204,-2.0812,-0.491,137,18,14.109122,-3.890878,0.8686,0.89701,-0.028,-2.8401,-0.6142,39,5,4.487229,-0.512771,0.8718,0.88494,-0.0127,-1.3148,-0.7378,20.146,-3.854,0.8934,-2.039,-0.481,14.165,-3.835,0.8966,-2.8,-0.605,4.505,-0.495,0.8845,-1.269,-0.713
8477484,Spencer Martin,NYR,6,290.6,232.6,29.9,147,20,15.944852,-4.055148,0.8639,0.89153,-0.0272,-2.7586,-0.8373,109,14,9.52428,-4.47572,0.8716,0.91262,-0.0407,-4.1062,-1.1545,29,5,5.416548,0.416548,0.8276,0.81322,0.0151,1.4364,0.8359,16.008,-3.992,0.8911,-2.716,-0.824,9.562,-4.438,0.9123,-4.071,-1.145,5.438,0.438,0.8125,1.512,0.88
8475717,Calvin Pickard,EDM,16,864.1,714.5,62.7,410,53,48.686183,-4.313817,0.8707,0.88125,-0.0101,-1.0522,-0.2995,326,40,35.329082,-4.670918,0.8773,0.89163,-0.0139,-1.4328,-0.3922,57,9,9.92569,0.92569,0.8421,0.82587,0.0169,1.624,0.8858,48.879,-4.121,0.8808,-1.005,-0.286,35.469,-4.531,0.8912,-1.39,-0.38,9.965,0.965,0.8252,1.692,0.923
8484268,Nikita Tolopilo,VAN,21,1145.7,950.4,74.4,582,69,64.402938,-4.597062,0.8814,0.88934,-0.0075,-0.7899,-0.2407,477,55,50.25497,-4.74503,0.8847,0.89464,-0.0095,-0.9948,-0.2996,65,11,9.404753,-1.595247,0.8308,0.85531,-0.024,-2.4542,-1.2865,64.658,-4.342,0.8889,-0.746,-0.227,50.454,-4.546,0.8942,-0.953,-0.287,9.442,-1.558,0.8547,-2.397,-1.256
8477970,Vitek Vanecek,UTA,22,1206.2,972.0,107.5,506,59,54.12066,-4.87934,0.8834,0.89304,-0.0092,-0.9643,-0.2427,385,45,38.037357,-6.962643,0.8831,0.9012,-0.0177,-1.8085,-0.4298,92,13,12.858077,-0.141923,0.8587,0.86024,-0.001,-0.1543,-0.0792,54.335,-4.665,0.8926,-0.922,-0.232,38.188,-6.812,0.9008,-1.769,-0.421,12.909,-0.091,0.8597,-0.099,-0.051
8478470,Sam Montembeault,MTL,25,1418.2,1096.1,122.7,635,81,75.933273,-5.066727,0.8724,0.88042,-0.0075,-0.7979,-0.2144,466,53,48.133372,-4.866628,0.8863,0.89671,-0.01,-1.0443,-0.2664,122,20,21.14426,1.14426,0.8361,0.82669,0.0101,0.9379,0.5595,76.234,-4.766,0.8799,-0.751,-0.202,48.324,-4.676,0.8963,-1.003,-0.256,21.228,1.228,0.826,1.007,0.601
8479292,Charlie Lindgren,WSH,21,1246.0,980.9,118.5,602,73,67.68494,-5.31506,0.8787,0.88757,-0.0084,-0.8829,-0.2559,441,46,43.753717,-2.246283,0.8957,0.90079,-0.0047,-0.5094,-0.1374,114,20,17.450887,-2.549113,0.8246,0.84692,-0.0218,-2.2361,-1.2907,67.953,-5.047,0.8871,-0.838,-0.243,43.927,-2.073,0.9004,-0.47,-0.127,17.52,-2.48,0.8463,-2.176,-1.255
8476999,Linus Ullmark,OTT,49,2883.5,2311.4,220.1,1198,131,125.23203,-5.76797,0.8907,0.89547,-0.0044,-0.4815,-0.12,922,90,87.147859,-2.852141,0.9024,0.90548,-0.0027,-0.3093,-0.074,181,33,26.857633,-6.142367,0.8177,0.85162,-0.0333,-3.3936,-1.6744,125.728,-5.272,0.8951,-0.44,-0.11,87.493,-2.507,0.9051,-0.272,-0.065,26.964,-6.036,0.851,-3.335,-1.645
8479394,Carter Hart,VGK,18,1019.8,821.8,67.3,422,46,39.935838,-6.064162,0.891,0.90537,-0.014,-1.437,-0.3568,333,39,28.11067,-10.88933,0.8829,0.91558,-0.0324,-3.2701,-0.795,46,5,6.399655,1.399655,0.8913,0.86088,0.031,3.0427,1.2478,40.094,-5.906,0.905,-1.399,-0.347,28.222,-10.778,0.9153,-3.237,-0.787,6.425,1.425,0.8603,3.098,1.271
8475311,Darcy Kuemper,LAK,50,2887.9,2314.1,222.8,1234,134,127.541882,-6.458118,0.8914,0.89664,-0.0048,-0.5233,-0.1342,927,83,85.305157,2.305157,0.9105,0.90798,0.0029,0.2487,0.0598,190,35,28.650532,-6.349468,0.8158,0.84921,-0.0328,-3.3418,-1.7099,128.047,-5.953,0.8962,-0.482,-0.124,85.643,2.643,0.9076,0.285,0.069,28.764,-6.236,0.8486,-3.282,-1.68
8480051,Cayden Primeau,TOR,3,181.5,150.1,13.0,80,13,6.587909,-6.412091,0.8375,0.91765,-0.0798,-8.0151,-2.1197,65,12,5.063945,-6.936055,0.8154,0.92209,-0.1064,-10.6709,-2.7726,12,1,1.103629,0.103629,0.9167,0.90803,0.009,0.8636,0.4783,6.614,-6.386,0.9173,-7.983,-2.111,5.084,-6.916,0.9218,-10.641,-2.764,1.108,0.108,0.9077,0.899,0.497
8475883,Frederik Andersen,CAR,35,2101.9,1685.1,181.4,849,107,100.089604,-6.910396,0.874,0.88211,-0.0077,-0.8139,-0.1973,659,78,71.008776,-6.991224,0.8816,0.89225,-0.0102,-1.0609,-0.2489,128,20,20.676114,0.676114,0.8438,0.83847,0.0059,0.5282,0.2236,100.486,-6.514,0.8816,-0.767,-0.186,71.29,-6.71,0.8918,-1.018,-0.239,20.758,0.758,0.8378,0.592,0.251
8477992,Jonas Johansson,TBL,25,1423.5,1137.7,120.4,670,78,71.112366,-6.887634,0.8836,0.89386,-0.0099,-1.028,-0.2903,515,50,48.346528,-1.653472,0.9029,0.90612,-0.0028,-0.3211,-0.0872,101,20,16.264586,-3.735414,0.802,0.83896,-0.0363,-3.6984,-1.8615,71.394,-6.606,0.8934,-0.986,-0.278,48.538,-1.462,0.9058,-0.284,-0.077,16.329,-3.671,0.8383,-3.635,-1.83
8477480,Eric Comrie,WPG,25,1381.5,1116.9,96.0,654,72,65.106153,-6.893847,0.8899,0.90045,-0.0101,-1.0541,-0.2994,521,49,45.960976,-3.039024,0.906,0.91178,-0.0055,-0.5833,-0.1633,88,20,13.186775,-6.813225,0.7727,0.85015,-0.0768,-7.7423,-4.2583,65.364,-6.636,0.9001,-1.015,-0.288,46.143,-2.857,0.9114,-0.548,-0.153,13.239,-6.761,0.8496,-7.683,-4.224
8481668,Arturs Silovs,PIT,39,2246.6,1792.8,191.9,1020,115,107.344871,-7.655129,0.8873,0.89476,-0.0071,-0.7505,-0.2044,813,89,81.430502,-7.569498,0.8905,0.89984,-0.0089,-0.9311,-0.2533,127,15,15.979714,0.979714,0.8819,0.87418,0.0082,0.7714,0.3063,107.77,-7.23,0.8943,-0.709,-0.193,81.753,-7.247,0.8994,-0.891,-0.243,16.043,1.043,0.8737,0.821,0.326
8482821,Arvid Soderblom,CHI,26,1468.6,1202.6,120.0,774,93,85.082041,-7.917959,0.8798,0.89007,-0.0098,-1.023,-0.3235,640,75,65.015512,-9.984488,0.8828,0.89841,-0.0152,-1.5601,-0.4981,104,15,17.329369,2.329369,0.8558,0.83337,0.0231,2.2398,1.1647,85.419,-7.581,0.8896,-0.979,-0.31,65.273,-9.727,0.898,-1.52,-0.485,17.398,2.398,0.8327,2.306,1.199
8481033,Akira Schmid,VGK,34,1965.8,1648.1,123.6,791,85,77.112603,-7.887397,0.8925,0.90251,-0.0096,-0.9971,-0.2407,630,59,57.208431,-1.791569,0.9063,0.90919,-0.0025,-0.2844,-0.0652,90,14,11.178728,-2.821272,0.8444,0.87579,-0.0309,-3.1347,-1.3695,77.418,-7.582,0.9021,-0.959,-0.231,57.435,-1.565,0.9088,-0.248,-0.057,11.223,-2.777,0.8753,-3.086,-1.348
8478007,Elvis Merzlikins,CBJ,30,1678.6,1396.6,119.9,812,95,86.87494,-8.12506,0.883,0.89301,-0.0096,-1.0006,-0.2904,632,65,61.885907,-3.114093,0.8972,0.90208,-0.0045,-0.4927,-0.1338,126,23,18.198925,-4.801075,0.8175,0.85556,-0.0375,-3.8104,-2.4025,87.219,-7.781,0.8926,-0.958,-0.278,62.131,-2.869,0.9017,-0.454,-0.123,18.271,-4.729,0.855,-3.753,-2.367
8475852,Petr Mrazek,ANA,10,515.9,406.7,50.3,247,35,26.613599,-8.386401,0.8583,0.89225,-0.0335,-3.3953,-0.9754,190,24,18.829428,-5.170572,0.8737,0.9009,-0.0268,-2.7214,-0.7628,43,10,6.363797,-3.636203,0.7674,0.852,-0.084,-8.4563,-4.3374,26.719,-8.281,0.8918,-3.353,-0.963,18.904,-5.096,0.9005,-2.682,-0.752,6.389,-3.611,0.8514,-8.398,-4.305
8478916,Joey Daccord,SEA,47,2693.2,2220.6,167.4,1309,136,126.861577,-9.138423,0.8961,0.90309,-0.0066,-0.6981,-0.2036,1060,94,91.294437,-2.705563,0.9113,0.91387,-0.0022,-0.2552,-0.0731,169,34,26.08071,-7.91929,0.7988,0.84568,-0.0462,-4.686,-2.8385,127.364,-8.636,0.9027,-0.66,-0.192,91.656,-2.344,0.9135,-0.221,-0.063,26.184,-7.816,0.8451,-4.625,-2.802
8477465,Tristan Jarry,EDM/PIT,33,1773.6,1464.0,136.4,830,98,87.472573,-10.527427,0.8819,0.89461,-0.0123,-1.2684,-0.3561,634,67,60.608964,-6.391036,0.8943,0.9044,-0.0097,-1.008,-0.2619,126,23,18.383195,-4.616805,0.8175,0.8541,-0.0361,-3.6641,-2.0309,87.819,-10.181,0.8942,-1.227,-0.344,60.849,-6.151,0.904,-0.97,-0.252,18.456,-4.544,0.8535,-3.606,-1.998
8475660,Cam Talbot,DET,34,1750.2,1416.7,110.6,797,93,82.102839,-10.897161,0.8833,0.89699,-0.0133,-1.3673,-0.3736,642,69,62.055236,-6.944764,0.8925,0.90334,-0.0104,-1.0817,-0.2941,95,15,12.423797,-2.576203,0.8421,0.86922,-0.0266,-2.7118,-1.3976,82.428,-10.572,0.8966,-1.326,-0.362,62.301,-6.699,0.903,-1.043,-0.284,12.473,-2.527,0.8687,-2.66,-1.371
8474593,Jacob Markstrom,NJD,44,2544.0,2096.0,174.4,1113,130,113.287336,-16.712664,0.8832,0.89821,-0.0146,-1.5016,-0.3942,877,95,81.381695,-13.618305,0.8917,0.9072,-0.0152,-1.5528,-0.3898,165,28,23.559694,-4.440306,0.8303,0.85721,-0.0263,-2.6911,-1.5276,113.736,-16.264,0.8978,-1.461,-0.384,81.704,-13.296,0.9068,-1.516,-0.381,23.653,-4.347,0.8566,-2.635,-1.495
8478499,Adin Hill,VGK,27,1497.8,1231.6,99.6,587,76,59.360907,-16.639093,0.8705,0.89887,-0.0279,-2.8346,-0.6665,456,56,41.922968,-14.077032,0.8772,0.90806,-0.0305,-3.0871,-0.6858,75,14,11.494477,-2.505523,0.8133,0.84674,-0.0328,-3.3407,-1.5094,59.596,-16.404,0.8985,-2.795,-0.657,42.089,-13.911,0.9077,-3.051,-0.678,11.54,-2.46,0.8461,-3.28,-1.482
8480947,Kevin Lankinen,VAN,47,2592.3,2145.2,178.4,1285,160,142.702839,-17.297161,0.8755,0.88895,-0.013,-1.3461,-0.4004,1033,113,105.214309,-7.785691,0.8906,0.89815,-0.0071,-0.7537,-0.2178,167,37,26.363589,-10.636411,0.7784,0.84213,-0.0631,-6.3691,-3.5773,143.268,-16.732,0.8885,-1.302,-0.387,105.631,-7.369,0.8977,-0.713,-0.206,26.468,-10.532,0.8415,-6.306,-3.541
8481035,Samuel Ersson,PHI,33,1866.6,1479.8,166.2,744,97,78.198303,-18.801697,0.8696,0.89489,-0.0249,-2.5271,-0.6044,556,70,52.115601,-17.884399,0.8741,0.90627,-0.0318,-3.2166,-0.7251,128,18,18.052505,0.052505,0.8594,0.85896,0.001,0.041,0.019,78.508,-18.492,0.8945,-2.485,-0.594,52.322,-17.678,0.9059,-3.179,-0.717,18.124,0.124,0.8584,0.097,0.045
8475683,Sergei Bobrovsky,FLA,52,3009.7,2366.9,269.2,1250,154,134.569052,-19.430948,0.8768,0.89234,-0.0151,-1.5545,-0.3874,977,110,96.934102,-13.065898,0.8874,0.90078,-0.013,-1.3373,-0.3312,178,33,26.308806,-6.691194,0.8146,0.8522,-0.037,-3.7591,-1.4914,135.102,-18.898,0.8919,-1.512,-0.377,97.318,-12.682,0.9004,-1.298,-0.321,26.413,-6.587,0.8516,-3.7,-1.468
8482137,Yaroslav Askarov,SJS,47,2596.5,2056.3,234.4,1342,157,136.982494,-20.017506,0.883,0.89793,-0.0145,-1.4916,-0.4626,1015,109,95.127257,-13.872743,0.8926,0.90628,-0.0133,-1.3668,-0.4048,234,33,32.473392,-0.526608,0.859,0.86122,-0.0017,-0.225,-0.1348,137.525,-19.475,0.8975,-1.451,-0.45,95.504,-13.496,0.9059,-1.33,-0.394,32.602,-0.398,0.8607,-0.17,-0.102
8482447,Leevi Meriläinen,OTT,20,1094.5,871.5,86.8,457,64,44.243777,-19.756223,0.86,0.90319,-0.0428,-4.323,-1.083,350,46,31.674556,-14.325444,0.8686,0.9095,-0.0406,-4.093,-0.9863,74,15,9.492406,-5.507594,0.7973,0.87172,-0.0739,-7.4427,-3.8071,44.419,-19.581,0.9028,-4.285,-1.073,31.8,-14.2,0.9091,-4.057,-0.978,9.53,-5.47,0.8712,-7.392,-3.783
8476412,Jordan Binnington,STL,41,2307.8,1921.2,148.1,1010,128,103.642533,-24.357467,0.8733,0.89738,-0.0237,-2.4116,-0.6333,812,92,75.109536,-16.890464,0.8867,0.9075,-0.0204,-2.0801,-0.5275,118,28,18.051509,-9.948491,0.7627,0.84702,-0.0837,-8.4309,-4.0304,104.053,-23.947,0.897,-2.371,-0.623,75.407,-16.593,0.9071,-2.043,-0.518,18.123,-9.877,0.8464,-8.37,-4.001
