team,division,conference,playoffs_pct,division_pct,round2_pct,conf_final_pct,final_pct,cup_pct,avg_points,avg_gf
TBL,Atlantic,East,0.9899,0.7477,0.7474,0.5405,0.3605,0.2207,109.5,302.1
COL,Central,West,0.9965,0.5074,0.7109,0.4373,0.3207,0.1904,110.2,303.5
DAL,Central,West,0.9948,0.3629,0.6639,0.3661,0.2465,0.1419,107.8,299.4
CAR,Metro,East,0.9467,0.5542,0.649,0.4328,0.2261,0.1179,104.1,291.7
BUF,Atlantic,East,0.854,0.156,0.5074,0.22,0.1123,0.051,98.7,282.0
CBJ,Metro,East,0.8232,0.225,0.4671,0.2331,0.0993,0.0467,97.9,280.6
MIN,Central,West,0.945,0.0809,0.4223,0.2097,0.1039,0.0448,99.2,283.0
EDM,Pacific,West,0.9338,0.518,0.526,0.3012,0.1056,0.0413,96.3,277.9
UTA,Central,West,0.8637,0.03,0.3456,0.1551,0.0648,0.0257,94.6,274.6
VGK,Pacific,West,0.849,0.2832,0.4594,0.21,0.0664,0.0235,92.1,270.4
WPG,Central,West,0.8219,0.0188,0.3082,0.1308,0.047,0.0163,93.0,271.9
WSH,Metro,East,0.5812,0.0767,0.2491,0.101,0.0356,0.014,91.8,269.7
MTL,Atlantic,East,0.581,0.0383,0.243,0.0879,0.0349,0.0132,91.5,268.9
OTT,Atlantic,East,0.5235,0.0296,0.2047,0.0691,0.0283,0.0098,90.5,267.5
ANA,Pacific,West,0.6873,0.1345,0.3095,0.1219,0.0322,0.0087,87.6,262.1
NYR,Metro,East,0.4911,0.046,0.1917,0.0736,0.0263,0.0081,89.8,265.9
PIT,Metro,East,0.4362,0.0396,0.1707,0.0617,0.0203,0.0076,88.8,264.0
NJD,Metro,East,0.3995,0.0327,0.1402,0.051,0.0149,0.0052,88.0,262.5
FLA,Atlantic,East,0.3809,0.0138,0.1313,0.0405,0.014,0.0041,87.5,261.8
NYI,Metro,East,0.3193,0.0217,0.1065,0.037,0.0107,0.0026,86.3,259.7
BOS,Atlantic,East,0.3024,0.0089,0.0991,0.0303,0.0104,0.0024,85.6,258.4
LAK,Pacific,West,0.3789,0.0372,0.1314,0.039,0.008,0.0018,81.5,250.9
DET,Atlantic,East,0.1915,0.0048,0.0497,0.0109,0.0033,0.0011,82.7,253.2
PHI,Metro,East,0.1128,0.0041,0.029,0.0081,0.0024,0.0007,79.8,247.9
CGY,Pacific,West,0.2493,0.0244,0.075,0.0203,0.0036,0.0005,78.4,245.4
STL,Central,West,0.0576,0.0,0.0087,0.0017,0.0001,0.0,73.6,236.8
NSH,Central,West,0.0913,0.0,0.0161,0.0023,0.0007,0.0,76.1,241.2
TOR,Atlantic,East,0.0668,0.0009,0.0141,0.0025,0.0007,0.0,77.1,242.9
SEA,Pacific,West,0.0536,0.002,0.0112,0.0021,0.0001,0.0,70.2,230.4
SJS,Pacific,West,0.0118,0.0004,0.0025,0.0003,0.0,0.0,64.3,219.4
VAN,Pacific,West,0.0101,0.0003,0.0022,0.0004,0.0,0.0,63.9,218.9
CHI,Central,West,0.0554,0.0,0.0071,0.0018,0.0004,0.0,73.6,236.6
