player_id,team,xgf,xga,shifts,xgf_pct,rel_x
8484255,COL,0.31,0.05,6,85.38,0.258
8479772,NJD,0.31,0.07,4,82.59,0.246
8479387,COL,0.58,0.13,5,81.83,0.455
8482673,OTT,0.92,0.22,7,80.33,0.693
8478173,OTT,0.36,0.1,6,78.77,0.266
8482525,TOR,0.19,0.05,7,77.97,0.134
8479383,TBL,1.57,0.5,17,75.71,1.068
8482451,CBJ,0.34,0.12,12,73.46,0.22
8480828,BOS,1.32,0.49,16,73.06,0.835
8483472,UTA,4.46,1.82,62,70.98,2.638
8481529,COL,3.16,1.45,4,68.56,1.709
8485493,EDM,8.33,3.83,85,68.49,4.5
8478147,PIT,0.39,0.18,7,68.27,0.207
8475172,COL,33.46,15.57,353,68.24,17.889
8482652,WPG,0.82,0.39,15,67.86,0.432
8481572,WPG,2.66,1.29,27,67.36,1.372
8476881,VGK,78.78,38.29,788,67.29,40.489
8485251,VGK,1.3,0.63,20,67.25,0.669
8480801,OTT,63.44,31.0,687,67.18,32.443
8481604,VGK,80.93,40.03,841,66.91,40.902
8483930,COL,1.52,0.76,24,66.8,0.764
8480208,OTT,60.37,30.67,690,66.31,29.702
8481093,PIT,1.13,0.57,12,66.29,0.555
8477492,COL,106.76,54.33,1050,66.28,52.437
8475913,VGK,72.45,38.1,775,65.53,34.345
8481528,OTT,63.61,33.5,724,65.5,30.113
8480039,COL,93.31,49.15,937,65.5,44.167
8485395,BOS,1.6,0.85,27,65.33,0.749
8483676,OTT,9.72,5.17,133,65.27,4.547
8478975,CBJ,39.11,20.88,424,65.19,18.228
8478483,VGK,88.99,47.51,971,65.19,41.472
8478403,VGK,88.64,47.77,943,64.98,40.864
8478062,CBJ,1.34,0.73,19,64.7,0.607
8476455,COL,57.28,31.45,665,64.56,25.832
8480064,BUF,49.92,27.49,557,64.48,22.427
8475692,MIN,59.56,32.98,630,64.36,26.576
8478864,MIN,89.86,50.57,926,63.99,39.289
8474102,OTT,17.65,10.01,272,63.81,7.639
8478109,COL,24.93,14.3,326,63.54,10.624
8484984,MTL,70.49,40.7,751,63.4,29.79
8482702,CAR,63.4,36.67,730,63.36,26.735
8481606,OTT,61.38,36.19,754,62.91,25.185
8476906,CAR,51.89,30.75,603,62.79,21.135
8480800,MIN,84.08,50.09,871,62.66,33.986
8481533,PHI,74.28,44.25,859,62.66,30.022
8477971,NSH,1.49,0.89,17,62.65,0.601
8484798,MIN,14.24,8.51,170,62.59,5.728
8482781,MIN,0.53,0.32,12,62.45,0.211
8482809,CAR,69.75,41.94,775,62.45,27.817
8481540,MTL,82.29,49.84,877,62.28,32.452
8480027,DAL,81.05,49.09,851,62.28,31.967
8479337,DET,71.57,43.42,807,62.24,28.147
8475791,CAR,58.4,35.43,684,62.24,22.972
8475786,EDM,72.16,44.13,680,62.05,28.032
8477934,EDM,70.62,43.36,676,61.96,27.256
8483890,VGK,31.06,19.15,412,61.86,11.909
8478178,TBL,72.0,44.48,756,61.81,27.522
8479705,BOS,3.03,1.88,39,61.76,1.154
8477940,CAR,63.23,39.15,772,61.76,24.077
8479314,FLA,31.84,19.76,330,61.7,12.079
8474141,DET,54.94,34.13,627,61.68,20.805
8483760,PHI,0.86,0.54,15,61.61,0.324
8484152,SJS,0.67,0.42,13,61.58,0.253
8480830,CAR,68.44,43.03,769,61.4,25.411
8480069,COL,88.71,55.76,990,61.4,32.949
8482659,BUF,65.6,41.29,790,61.37,24.311
8478402,EDM,103.18,65.13,952,61.3,38.055
8476458,ANA,15.08,9.53,197,61.28,5.552
8482116,OTT,69.53,44.07,807,61.2,25.455
8479339,MTL,1.81,1.15,35,61.2,0.662
8483457,MTL,100.2,63.59,1046,61.18,36.614
8476453,TBL,73.53,46.79,752,61.11,26.74
8475754,COL,79.47,50.69,950,61.06,28.785
8475722,BUF,49.7,31.74,599,61.02,17.955
8484153,ANA,74.89,47.86,883,61.01,27.031
8478550,NYR,36.29,23.26,434,60.94,13.025
8481553,MIN,13.7,8.8,195,60.91,4.907
8471214,WSH,62.28,40.11,686,60.83,22.172
8475794,DAL,9.43,6.08,111,60.79,3.346
8483515,MTL,84.22,54.48,896,60.72,29.743
8479323,NYR,50.26,32.58,581,60.67,17.676
8471215,PIT,41.2,26.9,444,60.5,14.304
8478873,ANA,65.13,42.59,807,60.46,22.543
8482078,DET,67.77,45.07,786,60.06,22.701
8482470,COL,5.03,3.38,63,59.86,1.658
8476871,BUF,1.49,1.0,25,59.75,0.486
8475184,ANA,64.28,43.33,841,59.73,20.948
8483808,LAK,24.91,16.81,297,59.71,8.101
8478420,DAL,60.09,40.56,659,59.7,19.525
8477416,TBL,41.08,27.75,508,59.68,13.329
8480018,MTL,88.56,60.24,974,59.52,28.322
8482447,OTT,27.34,18.63,31,59.48,8.712
8485388,NYI,0.78,0.53,9,59.47,0.247
8480015,PHI,55.55,37.88,760,59.46,17.671
8482109,NYR,58.1,39.72,734,59.4,18.381
8477942,LAK,32.02,21.89,401,59.4,10.134
8480188,OTT,38.28,26.21,563,59.36,12.072
8478445,NYI,74.35,50.96,811,59.33,23.387
8483548,CAR,91.4,62.87,97,59.25,28.53
8480893,CBJ,63.32,43.58,746,59.23,19.738
8485406,PHI,16.65,11.47,225,59.2,5.174
8470621,LAK,19.68,13.57,251,59.19,6.111
8477947,WSH,10.04,6.96,119,59.06,3.079
8477476,COL,55.64,38.59,720,59.05,17.047
8477964,VGK,60.81,42.28,880,58.99,18.534
8479385,STL,37.48,26.07,503,58.98,11.409
8484387,PHI,51.08,35.61,694,58.92,15.468
8480051,TOR,3.42,2.39,3,58.88,1.032
8482093,CAR,62.79,43.87,746,58.87,18.923
8480014,WPG,60.35,42.17,731,58.87,18.18
8478046,CBJ,13.61,9.56,213,58.74,4.05
8475765,MIN,51.95,36.58,723,58.68,15.372
8477831,LAK,3.1,2.18,4,58.66,0.914
8482737,MTL,45.56,32.27,595,58.54,13.294
8481716,CBJ,29.84,21.28,403,58.38,8.565
8475168,DAL,49.54,35.38,614,58.33,14.153
8474037,DET,31.21,22.31,423,58.31,8.898
8480803,EDM,104.27,74.54,1065,58.31,29.733
8477404,TBL,72.13,51.84,797,58.18,20.294
8481077,DET,6.33,4.55,94,58.17,1.778
8477451,MIN,64.58,46.44,826,58.17,18.141
8478211,CGY,0.76,0.55,17,58.16,0.214
8484166,CBJ,64.14,46.14,766,58.16,17.997
8478427,CAR,73.61,53.0,860,58.14,20.609
8478449,DAL,30.4,21.9,384,58.13,8.5
8481542,DET,83.89,60.44,1005,58.12,23.445
8479525,COL,38.98,28.09,583,58.12,10.888
8475170,NYI,22.16,16.0,256,58.07,6.156
8482100,CAR,61.14,44.19,793,58.05,16.951
8482167,WSH,1.14,0.82,20,57.99,0.314
8479671,CBJ,26.4,19.14,381,57.97,7.259
8478010,TBL,53.16,38.59,635,57.94,14.573
8484999,WSH,3.75,2.72,52,57.93,1.027
8482105,OTT,54.48,39.62,682,57.89,14.858
8479407,NJD,62.97,45.86,745,57.86,17.108
8476923,CBJ,51.71,37.87,686,57.72,13.831
8479420,BUF,76.81,56.28,946,57.71,20.53
8481033,VGK,55.23,40.48,67,57.7,14.748
8477447,VGK,74.92,55.0,1066,57.67,19.926
8480800,VAN,21.32,15.65,223,57.67,5.67
8482090,TBL,5.04,3.72,79,57.57,1.326
8479421,LAK,1.62,1.2,25,57.5,0.422
8480839,BUF,86.7,64.11,1038,57.49,22.591
8481553,PHI,22.82,16.89,325,57.47,5.931
8481559,NJD,53.04,39.35,572,57.41,13.691
8480876,TBL,6.15,4.56,100,57.39,1.583
8475718,STL,7.61,5.66,100,57.34,1.949
8476454,EDM,74.15,55.41,824,57.23,18.74
8482740,DAL,74.77,55.91,845,57.22,18.86
8480995,TBL,30.13,22.54,509,57.21,7.591
8481605,ANA,96.13,71.95,1218,57.19,24.18
8478460,CBJ,75.54,56.61,889,57.16,18.925
8477409,FLA,57.07,43.02,713,57.02,14.047
8482077,STL,46.4,35.08,569,56.95,11.327
8477956,BOS,61.24,46.36,684,56.91,14.878
8482089,STL,38.13,28.91,575,56.88,9.218
8484762,ANA,72.2,54.73,925,56.88,17.468
8474564,NSH,62.24,47.24,777,56.85,14.995
8479345,WSH,78.53,59.84,852,56.75,18.685
8476460,WPG,71.6,54.58,841,56.74,17.014
8479987,BOS,55.28,42.17,659,56.72,13.104
8483445,ANA,65.31,49.85,843,56.71,15.454
8481611,CAR,18.1,13.83,24,56.69,4.271
8478469,OTT,43.32,33.12,574,56.68,10.204
8475799,WPG,23.09,17.66,342,56.66,5.431
8482146,NSH,53.55,40.97,685,56.66,12.581
8482911,CAR,15.31,11.73,219,56.63,3.584
8478493,MIN,54.87,42.17,723,56.55,12.707
8482460,NYR,6.02,4.62,111,56.55,1.394
8475809,COL,101.33,77.94,116,56.53,23.397
8479542,TBL,57.02,44.04,665,56.42,12.975
8478440,WSH,62.19,48.03,763,56.42,14.16
8480007,VGK,1.17,0.9,20,56.4,0.265
8478398,WPG,71.31,55.15,845,56.39,16.156
8482079,MIN,5.99,4.64,90,56.36,1.35
8475314,NYI,52.61,40.77,701,56.34,11.849
8481532,LAK,21.31,16.53,331,56.31,4.772
8483524,SEA,30.9,23.98,492,56.31,6.923
8484145,BUF,50.92,39.54,649,56.29,11.386
8484258,COL,57.15,44.39,866,56.28,12.757
8482877,NYR,12.48,9.71,205,56.25,2.774
8477511,PIT,54.66,42.53,718,56.24,12.126
8478856,CBJ,15.79,12.31,243,56.2,3.485
8478550,LAK,30.97,24.21,410,56.12,6.76
8478406,COL,95.7,74.9,105,56.1,20.802
8473604,WPG,36.77,28.77,592,56.1,8.0
8475726,SJS,44.92,35.19,615,56.08,9.737
8478042,BOS,37.07,29.07,513,56.05,8.002
8478038,COL,75.94,59.72,1035,55.98,16.223
8480023,STL,52.64,41.49,687,55.93,11.155
8477955,SEA,31.45,24.8,493,55.91,6.644
8482149,WPG,37.59,29.82,546,55.76,7.769
8478401,BOS,49.65,39.4,632,55.75,10.247
8475848,MTL,33.84,26.86,474,55.75,6.975
8482713,FLA,43.84,34.8,577,55.75,9.042
8481557,MIN,72.89,57.88,912,55.74,15.004
8484142,PHI,27.41,21.77,425,55.73,5.634
8482634,BOS,15.0,11.92,254,55.71,3.076
8480245,OTT,1.33,1.06,17,55.7,0.272
8482193,NYR,7.05,5.61,7,55.66,1.434
8481641,COL,22.13,17.63,409,55.65,4.497
8480426,TBL,44.33,35.36,640,55.63,8.972
8482148,WSH,24.11,19.24,346,55.62,4.871
8476880,WSH,60.09,47.96,763,55.61,12.129
8477998,OTT,13.63,10.88,215,55.6,2.744
8482745,ANA,55.65,44.48,741,55.58,11.175
8477935,FLA,62.29,49.84,745,55.55,12.453
8473419,FLA,36.58,29.29,452,55.54,7.292
8482145,DAL,49.35,39.58,698,55.49,9.769
8471675,PIT,57.33,45.99,727,55.49,11.335
8476393,OTT,29.38,23.67,492,55.38,5.709
8481013,STL,16.53,13.32,267,55.37,3.203
8478439,PHI,64.25,51.84,886,55.34,12.404
8477501,COL,58.55,47.27,864,55.33,11.28
8482088,WSH,44.81,36.23,624,55.29,8.577
8475149,MIN,44.58,36.06,696,55.28,8.514
8473512,OTT,43.92,35.55,688,55.27,8.377
8475852,ANA,14.62,11.87,19,55.19,2.751
8478414,NJD,47.49,38.59,644,55.17,8.902
8480817,CAR,66.55,54.13,908,55.15,12.428
8479638,PIT,33.0,26.92,482,55.07,6.082
8473503,OTT,27.57,22.5,34,55.06,5.072
8479406,MIN,98.64,80.71,125,55.0,17.934
8484149,COL,17.77,14.55,269,54.98,3.217
8477933,FLA,41.64,34.13,563,54.96,7.514
8476873,CAR,30.09,24.74,471,54.88,5.35
8478047,NSH,28.07,23.09,414,54.86,4.976
8474102,DET,11.64,9.59,165,54.84,2.053
8479398,COL,24.03,19.81,340,54.82,4.223
8483669,NYR,5.74,4.74,103,54.79,1.004
8477478,CAR,27.52,22.72,483,54.78,4.8
8479402,CGY,7.55,6.23,135,54.77,1.315
8482159,PHI,20.17,16.68,328,54.74,3.492
8483532,WSH,13.65,11.28,14,54.74,2.365
8483756,LAK,14.97,12.4,268,54.7,2.573
8482660,CBJ,33.61,27.86,502,54.68,5.751
8482758,PIT,20.64,17.12,313,54.66,3.521
8482201,TBL,32.15,26.71,502,54.63,5.445
8477946,DET,58.39,48.49,737,54.63,9.901
8478438,PIT,52.05,43.25,699,54.61,8.792
8476999,OTT,98.08,81.6,111,54.59,16.484
8479400,WSH,22.87,19.05,325,54.56,3.821
8480002,NJD,63.8,53.16,785,54.55,10.639
8482947,COL,8.38,6.98,188,54.55,1.398
8475172,CGY,35.74,29.8,478,54.54,5.945
8483516,STL,42.02,35.12,557,54.48,6.905
8476483,PIT,56.35,47.09,710,54.48,9.261
8482097,BUF,56.9,47.81,793,54.34,9.082
8482765,BUF,4.87,4.09,86,54.33,0.776
8481523,MTL,24.58,20.71,340,54.28,3.877
8485414,PIT,50.36,42.52,668,54.22,7.841
8483433,FLA,0.2,0.17,7,54.19,0.032
8482730,LAK,59.26,50.12,877,54.18,9.141
8483452,MIN,5.15,4.37,77,54.11,0.781
8475166,TOR,55.5,47.14,766,54.08,8.367
8475798,ANA,65.26,55.48,892,54.05,9.774
8474590,ANA,38.96,33.26,555,53.95,5.705
8482123,CHI,3.12,2.67,5,53.92,0.454
8484186,WSH,40.33,34.48,532,53.91,5.844
8474590,WSH,38.91,33.3,459,53.88,5.606
8484380,FLA,1.6,1.37,27,53.87,0.23
8483573,WSH,26.69,22.9,365,53.83,3.798
8478499,VGK,54.52,46.81,73,53.81,7.719
8478971,EDM,88.04,75.67,97,53.78,12.372
8477960,LAK,54.01,46.47,789,53.75,7.537
8484994,SJS,20.45,17.61,253,53.73,2.843
8484801,SJS,69.1,59.66,836,53.67,9.439
8484873,WSH,14.78,12.77,197,53.66,2.016
8479394,VGK,82.21,71.09,101,53.63,11.126
8482761,VGK,1.92,1.66,4,53.59,0.257
8477018,VGK,28.18,24.43,437,53.57,3.751
8482667,SJS,51.17,44.36,686,53.57,6.816
8480762,CAR,32.41,28.11,482,53.56,4.304
8473994,DAL,32.7,28.37,526,53.55,4.331
8484180,CGY,4.93,4.28,101,53.53,0.651
8481754,ANA,7.3,6.34,107,53.53,0.964
8479999,BOS,37.71,32.78,561,53.5,4.93
8477541,TOR,2.45,2.13,46,53.48,0.319
8475151,NYI,11.02,9.59,135,53.48,1.434
8476459,NYR,62.66,54.52,824,53.47,8.14
8484221,NYI,35.46,31.02,510,53.34,4.439
8482142,PHI,67.2,58.8,1023,53.33,8.398
8483500,BUF,25.87,22.65,423,53.32,3.221
8479398,PIT,19.58,17.19,281,53.26,2.394
8483497,SEA,10.42,9.14,157,53.26,1.277
8482666,NYR,16.21,14.25,223,53.22,1.961
8482705,CBJ,42.01,36.97,679,53.19,5.04
8476887,NSH,60.28,53.1,811,53.17,7.179
8481721,NJD,26.22,23.22,415,53.03,2.997
8475763,PIT,11.84,10.5,187,53.0,1.34
8481596,OTT,38.13,33.9,606,52.93,4.228
8483553,NYI,18.41,16.46,316,52.8,1.95
8484148,PHI,1.78,1.59,33,52.77,0.186
8476468,NYR,49.14,44.04,666,52.74,5.102
8477494,STL,7.6,6.83,119,52.69,0.776
8481609,DAL,3.07,2.76,61,52.66,0.31
8480220,PHI,45.43,40.92,755,52.62,4.518
8477979,MIN,4.18,3.77,64,52.6,0.414
8476312,COL,49.09,44.26,791,52.59,4.831
8479591,BOS,17.34,15.64,300,52.58,1.7
8485702,NYI,20.57,18.56,284,52.57,2.014
8475253,PHI,1.29,1.16,19,52.56,0.126
8481711,TOR,35.87,32.39,502,52.55,3.485
8484797,BUF,6.47,5.84,90,52.55,0.629
8478462,COL,15.77,14.25,273,52.54,1.524
8480028,CGY,44.94,40.6,710,52.53,4.331
8477426,TBL,22.7,20.51,367,52.53,2.188
8481527,VGK,41.37,37.41,697,52.52,3.963
8481593,MTL,26.73,24.18,403,52.5,2.543
8479705,ANA,28.15,25.49,435,52.47,2.653
8477499,PHI,45.62,41.4,671,52.43,4.223
8474578,PIT,74.98,68.11,911,52.4,6.869
8479981,FLA,1.38,1.26,29,52.38,0.126
8483505,BOS,1.29,1.18,18,52.38,0.117
8483752,TBL,9.05,8.23,161,52.38,0.822
8482072,COL,2.77,2.52,32,52.37,0.251
8479550,VGK,2.01,1.83,38,52.35,0.181
8479318,TOR,42.14,38.36,578,52.35,3.783
8480036,DAL,73.94,67.5,914,52.28,6.446
8480075,OTT,3.04,2.77,50,52.28,0.265
8476456,CGY,24.39,22.29,395,52.25,2.099
8480831,EDM,15.25,13.93,220,52.25,1.311
8477939,TOR,48.66,44.47,685,52.25,4.185
8478458,EDM,38.34,35.04,573,52.25,3.303
8480829,CAR,15.19,13.89,250,52.24,1.301
8483525,MIN,32.8,29.99,550,52.24,2.81
8480336,CAR,65.85,60.28,978,52.21,5.571
8475883,CAR,81.81,74.96,93,52.18,6.85
8476474,NJD,12.08,11.07,188,52.17,1.005
8475158,NSH,60.38,55.35,834,52.17,5.024
8471685,LAK,47.61,43.68,760,52.15,3.928
8477380,NYR,20.7,18.99,346,52.15,1.71
8484768,CGY,25.64,23.53,401,52.14,2.101
8482070,TBL,3.43,3.15,54,52.12,0.28
8484188,STL,13.56,12.46,229,52.12,1.102
8482765,WPG,10.19,9.37,183,52.11,0.824
8481577,PIT,4.09,3.76,65,52.09,0.329
8485405,NSH,1.22,1.12,21,52.08,0.098
8477495,FLA,47.66,43.88,660,52.07,3.781
8484164,STL,32.54,30.01,535,52.02,2.527
8485366,NYI,81.39,75.12,1029,52.0,6.268
8484958,NJD,6.24,5.77,115,51.98,0.474
8476539,NSH,43.65,40.4,588,51.94,3.257
8482125,VGK,7.11,6.58,115,51.93,0.528
8483487,PIT,13.46,12.46,219,51.93,1.001
8478020,OTT,39.6,36.69,685,51.91,2.914
8477950,NYI,51.17,47.43,730,51.9,3.737
8480074,MTL,29.42,27.31,408,51.86,2.108
8484160,DET,11.74,10.91,184,51.85,0.838
8474586,SEA,48.38,44.95,744,51.84,3.428
8470621,TBL,12.69,11.79,201,51.84,0.899
8481035,PHI,58.41,54.31,72,51.82,4.094
8477504,WPG,66.7,62.06,916,51.8,4.638
8483471,WPG,12.27,11.44,203,51.75,0.83
8479718,COL,0.08,0.07,4,51.7,0.005
8476432,CBJ,38.45,35.97,597,51.66,2.475
8474679,WPG,20.46,19.15,356,51.65,1.309
8475760,STL,10.27,9.63,183,51.63,0.647
8478396,VGK,67.21,63.0,1126,51.62,4.21
8475810,PIT,59.59,56.03,795,51.54,3.561
8484794,DET,5.76,5.42,97,51.52,0.341
8484759,OTT,3.98,3.75,63,51.52,0.235
8481609,BOS,0.92,0.87,23,51.5,0.054
8475218,EDM,69.91,66.05,965,51.42,3.861
8484227,SJS,45.8,43.28,615,51.42,2.523
8481668,PIT,83.1,78.81,105,51.33,4.293
8483406,LAK,9.46,8.97,189,51.32,0.488
8475660,DET,50.29,47.72,67,51.31,2.564
8477484,NYR,7.39,7.01,10,51.29,0.372
8477500,NYI,59.64,56.68,766,51.28,2.967
8473533,CAR,47.21,44.89,745,51.26,2.316
8476462,NJD,56.35,53.67,832,51.22,2.675
8484197,CHI,15.92,15.17,294,51.21,0.752
8482475,PIT,30.29,28.98,429,51.11,1.311
8477496,BOS,46.7,44.74,636,51.07,1.963
8476883,TBL,101.85,97.78,135,51.02,4.073
8481186,COL,10.73,10.3,213,51.01,0.425
8480012,VAN,43.39,41.7,624,50.99,1.692
8484471,DET,44.62,42.9,701,50.98,1.723
8482132,NYR,3.05,2.94,60,50.95,0.114
8482408,LAK,14.9,14.36,284,50.92,0.538
8480887,BOS,3.05,2.95,67,50.91,0.109
8482982,CBJ,106.12,102.46,128,50.88,3.66
8480045,BUF,74.63,72.07,90,50.87,2.561
8476979,DET,1.35,1.3,18,50.85,0.045
8482095,OTT,34.42,33.27,562,50.85,1.151
8482113,FLA,35.91,34.73,567,50.83,1.176
8485391,CHI,13.47,13.03,165,50.83,0.438
8476389,NYR,51.92,50.26,722,50.81,1.663
8482684,NJD,54.3,52.58,706,50.8,1.719
8478542,FLA,35.02,33.99,544,50.75,1.034
8476480,WPG,20.61,20.01,347,50.75,0.61
8482122,MIN,79.95,77.66,1181,50.73,2.292
8482679,CGY,46.56,45.26,706,50.7,1.294
8474600,NSH,65.26,63.51,877,50.68,1.751
8479353,VGK,37.24,36.32,659,50.62,0.916
8479639,VGK,3.23,3.15,57,50.61,0.078
8483731,PHI,15.3,14.96,274,50.56,0.339
8481161,CBJ,9.93,9.71,171,50.56,0.219
8481582,TOR,32.28,31.64,549,50.51,0.648
8484170,MTL,43.86,43.01,53,50.49,0.845
8478502,OTT,4.19,4.11,71,50.46,0.076
8478024,ANA,54.84,53.95,79,50.41,0.89
8477015,NJD,44.78,44.11,649,50.38,0.671
8475795,WSH,2.5,2.46,44,50.37,0.037
8476438,VGK,20.51,20.22,341,50.36,0.293
8477992,TBL,48.01,47.32,58,50.36,0.692
8475745,CBJ,55.11,54.39,774,50.32,0.712
8481575,OTT,6.96,6.88,112,50.31,0.086
8482126,PHI,29.75,29.4,525,50.29,0.348
8481617,EDM,48.28,47.74,741,50.28,0.54
8483609,CGY,23.16,22.94,434,50.24,0.225
8475235,CAR,2.77,2.75,52,50.22,0.024
8476994,MIN,10.37,10.28,177,50.2,0.084
8475188,VGK,53.12,52.69,901,50.2,0.426
8480843,ANA,125.9,124.97,149,50.18,0.923
8477479,CHI,50.61,50.26,722,50.17,0.351
8476422,CAR,24.29,24.12,368,50.17,0.168
8473507,FLA,21.39,21.24,370,50.17,0.149
8481237,NYI,19.14,19.02,324,50.15,0.115
8483424,MTL,3.57,3.56,60,50.12,0.018
8475906,SJS,44.18,44.02,591,50.09,0.163
8477346,CGY,36.53,36.44,630,50.06,0.09
8481656,WSH,52.27,52.24,756,50.01,0.023
8483510,WPG,21.05,21.03,354,50.01,0.012
8479365,EDM,25.02,25.05,411,49.97,-0.031
8482874,SEA,9.69,9.72,179,49.92,-0.033
8478470,MTL,38.17,38.31,48,49.91,-0.142
8481024,VAN,31.65,31.76,532,49.91,-0.115
8477454,DAL,11.42,11.47,192,49.9,-0.047
8477494,NYI,23.93,24.03,362,49.89,-0.104
8477989,PHI,57.66,57.92,912,49.89,-0.259
8475191,VGK,29.9,30.08,534,49.85,-0.176
8478519,TBL,47.77,48.17,684,49.79,-0.397
8478397,VGK,40.25,40.59,738,49.79,-0.332
8477987,CHI,36.89,37.2,613,49.79,-0.312
8470613,COL,59.64,60.17,994,49.78,-0.53
8482941,NJD,0.33,0.33,8,49.76,-0.003
8476899,SEA,1.79,1.81,2,49.76,-0.018
8475755,DAL,20.81,21.01,339,49.75,-0.206
8477407,NYI,23.92,24.21,384,49.7,-0.291
8478498,VAN,45.39,46.11,668,49.61,-0.714
8481554,SEA,31.9,32.39,559,49.61,-0.498
8482475,CBJ,6.33,6.44,116,49.59,-0.106
8478109,CGY,13.13,13.35,217,49.58,-0.222
8483495,NJD,36.68,37.32,574,49.57,-0.641
8476461,PHI,46.9,47.74,751,49.56,-0.833
8474189,OTT,18.69,19.02,345,49.56,-0.33
8479979,DAL,105.54,107.45,145,49.55,-1.913
8477952,STL,5.86,5.97,117,49.52,-0.115
8482074,CGY,30.78,31.39,530,49.51,-0.609
8477839,NYR,30.3,30.91,531,49.5,-0.611
8482157,NYR,41.92,42.79,714,49.49,-0.871
8479325,BOS,61.64,62.97,824,49.47,-1.331
8482110,NJD,47.75,48.81,723,49.46,-1.051
8478435,PHI,104.83,107.16,159,49.45,-2.331
8483455,EDM,5.47,5.59,91,49.45,-0.123
8482107,FLA,16.29,16.68,238,49.41,-0.39
8475171,TOR,50.45,51.69,845,49.39,-1.239
8475200,SJS,60.57,62.08,829,49.39,-1.508
8482762,DET,54.59,55.99,867,49.36,-1.408
8477149,TBL,8.2,8.43,154,49.32,-0.227
8482783,PHI,5.19,5.33,8,49.32,-0.142
8476479,LAK,8.79,9.04,165,49.3,-0.248
8475752,MIN,5.32,5.47,118,49.3,-0.151
8484223,DET,31.82,32.74,505,49.29,-0.919
8478874,SJS,23.18,23.85,426,49.29,-0.667
8474563,LAK,58.95,60.68,988,49.28,-1.724
8478047,DAL,8.2,8.47,134,49.2,-0.266
8483395,VAN,6.03,6.23,128,49.19,-0.199
8482187,CAR,0.82,0.85,12,49.17,-0.028
8482665,SEA,48.46,50.13,795,49.16,-1.665
8483675,LAK,0.78,0.81,11,49.14,-0.027
8476412,STL,58.96,61.16,75,49.08,-2.199
8480145,WPG,38.58,40.05,634,49.06,-1.478
8482803,ANA,43.37,45.08,701,49.03,-1.709
8484168,SEA,4.37,4.54,91,49.03,-0.173
8477429,DET,43.62,45.36,711,49.02,-1.749
8484158,TOR,34.4,35.78,553,49.01,-1.384
8479973,EDM,26.01,27.07,33,49.0,-1.067
8475311,LAK,80.18,83.5,118,48.99,-3.321
8481592,TBL,0.72,0.75,19,48.99,-0.03
8484305,BUF,15.76,16.41,281,48.99,-0.649
8474568,BUF,2.53,2.64,48,48.95,-0.109
8483630,SJS,7.82,8.16,118,48.94,-0.338
8483512,EDM,47.7,49.77,758,48.94,-2.066
8476853,TOR,53.86,56.31,883,48.89,-2.45
8478048,NYR,89.21,93.27,128,48.89,-4.061
8484177,NJD,15.01,15.7,273,48.88,-0.685
8483489,BOS,39.1,40.91,652,48.87,-1.808
8477948,PHI,70.9,74.19,1109,48.87,-3.289
8480313,WSH,114.96,120.57,142,48.81,-5.611
8482209,CGY,2.01,2.11,44,48.81,-0.098
8482092,OTT,40.64,42.67,723,48.79,-2.021
8482470,PIT,11.83,12.42,178,48.79,-0.586
8482117,BOS,7.03,7.38,109,48.78,-0.352
8476399,CGY,40.73,42.81,694,48.75,-2.082
8476826,TBL,37.25,39.23,666,48.7,-1.984
8479193,DAL,49.09,51.72,69,48.7,-2.629
8482076,NJD,6.09,6.42,8,48.68,-0.331
8482155,LAK,50.94,53.71,852,48.68,-2.77
8483703,PIT,4.27,4.5,8,48.66,-0.236
8480459,STL,35.88,37.91,585,48.63,-2.028
8475683,FLA,92.2,97.45,116,48.62,-5.249
8481030,PIT,10.48,11.09,172,48.6,-0.605
8481581,DAL,60.76,64.28,882,48.59,-3.514
8476958,CAR,37.61,39.8,602,48.58,-2.192
8482511,BOS,36.85,39.02,628,48.57,-2.168
8482476,NYI,46.64,49.47,754,48.53,-2.825
8484210,NYR,27.19,28.88,435,48.49,-1.692
8476945,WPG,102.77,109.22,145,48.48,-6.457
8481056,NSH,10.56,11.22,200,48.48,-0.662
8482177,BOS,34.5,36.68,579,48.47,-2.183
8478508,MIN,35.36,37.6,630,48.46,-2.245
8480835,COL,37.3,39.7,722,48.44,-2.401
8482259,TOR,22.22,23.69,392,48.4,-1.472
8477497,CBJ,47.41,50.56,726,48.39,-3.147
8478407,SEA,53.49,57.18,826,48.33,-3.689
8483565,COL,8.12,8.68,135,48.32,-0.565
8480748,VAN,19.7,21.07,328,48.32,-1.367
8474596,NJD,59.68,63.87,74,48.3,-4.191
8478970,CAR,53.47,57.24,860,48.3,-3.765
8477505,SJS,53.53,57.32,781,48.29,-3.782
8474593,NJD,68.25,73.29,97,48.22,-5.042
8477952,MIN,3.13,3.37,54,48.21,-0.233
8481719,TBL,18.7,20.1,307,48.21,-1.391
8475717,EDM,29.17,31.34,32,48.21,-2.169
8478007,CBJ,45.48,48.93,60,48.17,-3.45
8483485,CBJ,47.25,50.86,724,48.16,-3.61
8482487,MTL,104.33,112.3,130,48.16,-7.977
8482124,LAK,52.96,57.0,884,48.16,-4.041
8478233,EDM,16.91,18.21,276,48.15,-1.301
8484829,DAL,36.25,39.03,603,48.15,-2.779
8476469,LAK,27.78,29.94,530,48.13,-2.16
8482062,VGK,18.84,20.31,337,48.12,-1.471
8479368,EDM,7.55,8.15,145,48.09,-0.599
8479292,WSH,26.17,28.26,32,48.08,-2.09
8473986,ANA,56.21,60.72,945,48.07,-4.503
8484241,NSH,31.33,33.84,511,48.07,-2.514
8480878,DAL,32.63,35.27,527,48.06,-2.636
8480185,FLA,39.58,42.86,669,48.01,-3.28
8480196,WPG,8.82,9.55,172,48.0,-0.735
8476885,ANA,77.17,83.63,1232,47.99,-6.46
8482953,COL,1.54,1.67,38,47.97,-0.13
8482726,LAK,11.69,12.68,259,47.97,-0.991
8475170,STL,22.37,24.27,400,47.96,-1.901
8477402,STL,45.43,49.4,725,47.91,-3.961
8477968,SJS,70.77,76.99,100,47.9,-6.216
8475324,OTT,23.11,25.15,438,47.89,-2.038
8483464,DET,34.3,37.35,581,47.87,-3.047
8471724,PIT,55.47,60.44,815,47.86,-4.971
8480865,MTL,73.87,80.55,1062,47.84,-6.684
8478434,VGK,31.05,33.86,601,47.83,-2.814
8475461,UTA,0.41,0.45,10,47.81,-0.038
8471817,SJS,9.97,10.89,164,47.78,-0.927
8479066,CGY,13.02,14.24,259,47.77,-1.219
8480280,BOS,90.61,99.23,110,47.73,-8.621
8475764,STL,54.61,59.83,862,47.72,-5.218
8475235,PHI,3.03,3.32,72,47.7,-0.293
8482661,MIN,82.3,90.26,114,47.69,-7.964
8477444,CHI,40.43,44.37,663,47.68,-3.936
8484150,CGY,19.2,21.09,366,47.66,-1.885
8477503,TOR,40.37,44.35,636,47.65,-3.98
8480113,WPG,35.62,39.14,631,47.64,-3.521
8477986,SEA,44.74,49.25,709,47.6,-4.504
8473507,MIN,7.73,8.53,129,47.55,-0.796
8476925,VGK,33.38,36.86,638,47.53,-3.472
8481534,VGK,0.35,0.39,8,47.52,-0.036
8482804,PHI,1.77,1.96,30,47.51,-0.186
8482655,TBL,55.03,60.81,840,47.51,-5.772
8478975,SEA,10.98,12.13,194,47.51,-1.151
8481524,BUF,69.5,76.89,1060,47.47,-7.394
8481725,PIT,14.17,15.69,242,47.46,-1.518
8479973,PIT,61.4,67.98,78,47.46,-6.583
8475220,MIN,20.64,22.86,396,47.45,-2.22
8478057,TOR,23.66,26.22,415,47.44,-2.557
8482671,BUF,63.94,70.88,1027,47.42,-6.943
8484169,NYR,5.62,6.23,103,47.4,-0.617
8483565,NSH,21.73,24.13,375,47.39,-2.394
8480748,SJS,18.22,20.24,301,47.37,-2.022
8484860,CGY,22.89,25.45,397,47.36,-2.555
8476921,CAR,37.16,41.36,649,47.33,-4.199
8476448,VGK,7.71,8.58,153,47.33,-0.869
8476292,NJD,13.42,14.93,238,47.32,-1.519
8475343,VGK,17.14,19.11,338,47.28,-1.97
8479675,LAK,40.52,45.22,761,47.26,-4.69
8483425,DAL,20.31,22.7,389,47.22,-2.395
8475784,SJS,12.01,13.43,217,47.2,-1.422
8474716,MIN,51.53,57.67,938,47.19,-6.14
8476434,DET,96.69,108.34,123,47.16,-11.649
8479312,BUF,72.9,81.69,104,47.16,-8.788
8478424,ANA,10.21,11.45,208,47.14,-1.238
8483491,WSH,5.66,6.35,107,47.14,-0.688
8480078,VAN,4.08,4.57,65,47.14,-0.494
8475842,NYR,13.08,14.69,272,47.11,-1.608
8481598,STL,58.14,65.29,905,47.1,-7.156
8480871,NYI,11.53,12.96,183,47.09,-1.425
8480043,WSH,3.44,3.87,51,47.05,-0.432
8482178,ANA,32.83,36.95,621,47.05,-4.122
8477903,PHI,18.72,21.08,388,47.03,-2.362
8483668,SEA,5.22,5.88,7,47.02,-0.661
8479414,DAL,7.85,8.84,138,47.01,-0.997
8479543,TOR,2.0,2.26,48,46.99,-0.257
8477527,ANA,17.03,19.21,318,46.99,-2.181
8476932,TOR,38.65,43.62,51,46.98,-4.964
8477949,BUF,56.18,63.56,946,46.92,-7.376
8481068,CGY,39.14,44.4,661,46.86,-5.254
8481569,NYI,3.11,3.53,57,46.86,-0.418
8476463,MIN,34.9,39.84,696,46.7,-4.936
8481522,BUF,38.4,43.87,705,46.68,-5.462
8480798,SJS,16.81,19.26,292,46.61,-2.449
8476914,BOS,45.05,51.64,66,46.6,-6.584
8480873,WSH,41.73,47.89,693,46.56,-6.16
8482192,WPG,0.39,0.44,12,46.56,-0.057
8478397,CGY,30.06,34.55,544,46.53,-4.486
8476967,PIT,14.47,16.63,222,46.52,-2.161
8476341,LAK,61.16,70.32,97,46.52,-9.159
8475208,LAK,39.59,45.52,773,46.52,-5.93
8484144,CHI,49.1,56.52,687,46.49,-7.416
8477034,VGK,0.63,0.72,8,46.47,-0.095
8481692,CGY,93.75,107.98,137,46.47,-14.232
8478009,NYI,102.91,118.68,136,46.44,-15.769
8478468,VGK,38.92,44.91,712,46.43,-5.988
8481726,NYR,9.43,10.88,194,46.42,-1.453
8482623,BUF,5.51,6.36,125,46.41,-0.852
8475169,VAN,32.08,37.07,531,46.4,-4.985
8477932,FLA,52.54,60.72,833,46.39,-8.178
8481618,MTL,28.73,33.19,475,46.39,-4.466
8483728,MTL,2.03,2.34,45,46.38,-0.316
8484839,PIT,3.89,4.5,70,46.37,-0.61
8480448,COL,32.86,38.02,671,46.36,-5.159
8480876,VAN,4.77,5.52,93,46.35,-0.75
8476874,UTA,5.31,6.15,103,46.34,-0.84
8482079,VAN,25.12,29.16,389,46.28,-4.034
8485402,SJS,18.68,21.69,330,46.27,-3.013
8477480,WPG,34.58,40.19,49,46.25,-5.609
8481518,FLA,5.48,6.37,97,46.24,-0.891
8476854,BOS,44.85,52.17,730,46.23,-7.322
8480193,FLA,55.52,64.6,74,46.22,-9.079
8483733,PHI,17.79,20.7,313,46.21,-2.915
8479661,BOS,25.48,29.68,450,46.19,-4.208
8483431,UTA,35.14,40.98,581,46.16,-5.839
8482245,OTT,46.05,53.74,827,46.15,-7.688
8479378,WPG,22.09,25.79,396,46.14,-3.699
8482174,TOR,1.33,1.55,25,46.14,-0.222
8478500,CBJ,64.19,74.92,961,46.14,-10.731
8481580,WSH,42.87,50.07,725,46.13,-7.198
8478476,DAL,11.11,12.97,176,46.13,-1.864
8478916,SEA,71.7,83.79,109,46.11,-12.086
8476372,PHI,44.37,51.93,832,46.07,-7.566
8481133,VGK,7.9,9.25,190,46.06,-1.349
8482111,NSH,23.38,27.39,419,46.05,-4.011
8475760,NJD,11.05,12.95,195,46.05,-1.894
8482929,TBL,24.02,28.15,446,46.04,-4.137
8481546,PHI,49.81,58.41,929,46.03,-8.601
8477465,PIT,20.2,23.72,29,46.0,-3.515
8484800,SEA,20.44,24.02,398,45.97,-3.583
8477365,PIT,32.46,38.2,493,45.94,-5.74
8478444,VAN,43.14,50.79,691,45.93,-7.655
8482720,TOR,48.31,56.91,780,45.92,-8.594
8479390,NYR,19.74,23.25,377,45.92,-3.508
8482175,UTA,41.39,48.74,749,45.92,-7.354
8484304,FLA,21.82,25.72,386,45.9,-3.901
8476878,TBL,27.49,32.51,551,45.81,-5.023
8478472,STL,11.3,13.37,209,45.8,-2.073
8481219,BOS,27.18,32.19,490,45.78,-5.016
8478854,PIT,53.19,63.09,806,45.74,-9.903
8481551,BUF,21.02,24.95,28,45.73,-3.922
8482733,STL,37.31,44.29,611,45.72,-6.978
8479496,NYI,46.61,55.45,69,45.67,-8.842
8483493,CHI,39.63,47.2,626,45.64,-7.566
8482055,VAN,37.47,44.65,636,45.63,-7.185
8477845,WSH,35.24,42.01,585,45.62,-6.762
8482861,SJS,8.14,9.72,139,45.59,-1.575
8480981,STL,73.95,88.28,104,45.58,-14.325
8483690,NYR,26.26,31.36,520,45.57,-5.103
8480802,BUF,52.7,62.96,919,45.56,-10.266
8482751,SEA,22.83,27.33,434,45.51,-4.503
8479378,BUF,11.71,14.03,225,45.49,-2.324
8478421,FLA,30.24,36.27,547,45.47,-6.029
8484938,DAL,10.97,13.18,203,45.43,-2.208
8479371,CBJ,35.56,42.72,635,45.43,-7.155
8481006,STL,26.6,31.98,480,45.41,-5.38
8481725,DET,10.12,12.17,175,45.4,-2.053
8477425,CBJ,19.35,23.31,389,45.37,-3.952
8476867,CBJ,5.87,7.08,117,45.34,-1.207
8486169,PIT,1.42,1.71,19,45.27,-0.296
8482703,CHI,12.55,15.18,278,45.25,-2.631
8477435,PIT,8.45,10.23,144,45.24,-1.778
8476292,NYI,14.61,17.68,246,45.24,-3.075
8480259,MIN,6.66,8.06,137,45.23,-1.404
8477424,NSH,94.73,115.15,138,45.14,-20.419
8480074,STL,1.06,1.3,15,45.09,-0.232
8481655,FLA,8.86,10.78,163,45.09,-1.927
8484958,NYI,5.6,6.82,112,45.08,-1.221
8476872,LAK,17.31,21.11,349,45.05,-3.803
8477953,EDM,23.09,28.2,435,45.02,-5.109
8478882,NYR,55.9,68.42,947,44.96,-12.526
8483460,MIN,8.04,9.84,125,44.94,-1.809
8482482,NSH,31.88,39.08,551,44.92,-7.202
8481013,DET,4.6,5.65,83,44.9,-1.045
8478463,WSH,40.57,49.87,700,44.86,-9.298
8483398,TBL,15.5,19.08,289,44.84,-3.572
8476871,WPG,13.14,16.17,259,44.83,-3.028
8477573,STL,10.49,12.93,200,44.8,-2.435
8484798,VAN,31.61,38.99,531,44.78,-7.378
8484203,CAR,4.85,5.98,82,44.77,-1.132
8480950,DAL,21.68,26.76,388,44.76,-5.074
8480058,VAN,10.18,12.58,200,44.72,-2.403
8482993,PIT,6.93,8.56,118,44.72,-1.635
8476882,CHI,40.63,50.32,672,44.68,-9.686
8483432,CBJ,3.62,4.49,70,44.62,-0.872
8480434,UTA,40.61,50.41,780,44.61,-9.807
8476967,COL,25.87,32.12,489,44.61,-6.254
8477998,LAK,11.65,14.46,279,44.61,-2.814
8482747,NYR,3.84,4.77,72,44.58,-0.934
8481704,NYR,2.83,3.52,70,44.57,-0.689
8480192,NJD,21.78,27.11,359,44.55,-5.334
8481178,PHI,4.49,5.6,84,44.51,-1.108
8482496,VAN,0.09,0.11,2,44.5,-0.023
8482715,NSH,10.92,13.63,188,44.48,-2.71
8482775,MTL,39.33,49.13,636,44.46,-9.805
8481020,NSH,47.05,58.8,62,44.45,-11.743
8484220,MTL,1.07,1.34,17,44.45,-0.267
8478366,ANA,17.77,22.21,350,44.45,-4.44
8474574,DAL,14.45,18.17,269,44.3,-3.72
8477465,EDM,33.58,42.26,46,44.28,-8.682
8481167,CGY,14.11,17.77,303,44.27,-3.654
8478104,MTL,2.64,3.32,51,44.26,-0.684
8484783,CHI,38.3,48.37,627,44.19,-10.063
8477220,UTA,48.54,61.34,932,44.17,-12.804
8475753,DET,17.87,22.58,293,44.17,-4.715
8484321,OTT,23.86,30.21,458,44.12,-6.354
8475287,NSH,44.83,56.84,780,44.09,-12.014
8484509,EDM,9.72,12.37,221,44.0,-2.65
8474151,TBL,32.63,41.54,573,43.99,-8.912
8482859,SJS,16.57,21.11,315,43.98,-4.535
8484392,CAR,0.39,0.5,11,43.92,-0.109
8481525,NYR,36.03,46.0,682,43.92,-9.966
8483771,FLA,5.21,6.66,88,43.91,-1.445
8480990,WSH,9.65,12.33,159,43.91,-2.68
8483710,TOR,24.95,31.92,37,43.87,-6.968
8479361,TOR,62.01,79.52,87,43.81,-17.515
8476879,LAK,38.78,49.79,773,43.79,-11.002
8474013,UTA,43.05,55.36,851,43.75,-12.307
8477456,DET,40.36,51.94,749,43.72,-11.585
8483503,PIT,0.9,1.16,20,43.72,-0.258
8484136,VAN,21.29,27.41,424,43.71,-6.122
8480855,UTA,29.77,38.33,553,43.71,-8.563
8482445,CGY,40.44,52.12,62,43.69,-11.679
8480891,BUF,12.46,16.07,230,43.68,-3.608
8482087,MTL,32.46,41.9,563,43.66,-9.432
8477369,NYI,19.73,25.49,344,43.63,-5.761
8480849,UTA,23.67,30.58,453,43.63,-6.915
8480049,WPG,41.89,54.13,777,43.62,-12.244
8475768,SEA,17.59,22.74,336,43.62,-5.144
8482137,SJS,61.37,79.39,91,43.6,-18.022
8476952,CHI,2.61,3.38,58,43.6,-0.766
8479996,NJD,26.45,34.24,534,43.58,-7.795
8476822,PHI,13.46,17.43,275,43.57,-3.973
8476429,NYI,36.16,46.87,649,43.55,-10.712
8477498,EDM,57.15,74.1,1008,43.54,-16.953
8479520,WSH,23.96,31.1,484,43.52,-7.138
8484806,SJS,34.06,44.26,601,43.49,-10.197
8483686,MTL,7.57,9.84,135,43.48,-2.271
8482749,MTL,0.3,0.4,5,43.47,-0.092
8480727,VGK,17.33,22.56,385,43.44,-5.231
8476892,STL,44.92,58.53,820,43.42,-13.608
8474150,CGY,43.98,57.32,828,43.42,-13.332
8480035,BOS,11.63,15.16,214,43.42,-3.523
8474567,MIN,20.59,26.98,456,43.28,-6.39
8480813,MTL,22.25,29.19,424,43.26,-6.939
8482858,SEA,32.06,42.08,573,43.24,-10.023
8479425,VAN,59.35,77.98,940,43.22,-18.635
8475462,ANA,24.49,32.17,464,43.22,-7.679
8479351,DAL,31.15,40.93,586,43.21,-9.784
8482699,UTA,46.8,61.53,834,43.2,-14.732
8482259,SEA,13.04,17.15,253,43.2,-4.103
8481178,CBJ,4.85,6.38,97,43.19,-1.53
8484268,VAN,31.22,41.11,47,43.16,-9.89
8477993,CGY,2.69,3.55,69,43.14,-0.856
8477810,CGY,22.19,29.28,503,43.11,-7.091
8476907,VAN,2.06,2.72,44,43.09,-0.66
8477967,VAN,28.33,37.44,47,43.08,-9.108
8478055,FLA,53.81,71.1,926,43.08,-17.289
8481848,PHI,1.08,1.43,25,43.07,-0.347
8478872,UTA,104.41,138.21,160,43.04,-33.796
8478013,EDM,33.01,43.69,579,43.03,-10.688
8475690,TOR,6.72,8.9,138,43.02,-2.181
8482964,MTL,20.52,27.21,382,42.99,-6.689
8479644,STL,1.57,2.08,41,42.99,-0.512
8476392,WPG,31.01,41.19,578,42.94,-10.189
8475167,TBL,17.43,23.17,313,42.94,-5.736
8479998,LAK,43.33,57.7,846,42.89,-14.366
8471734,NYR,31.92,42.51,52,42.88,-10.594
8478856,VAN,23.8,31.73,409,42.86,-7.93
8480003,FLA,24.67,32.9,508,42.85,-8.227
8474568,WPG,10.79,14.39,237,42.84,-3.607
8484911,SJS,39.83,53.26,683,42.79,-13.427
8481563,ANA,26.82,35.91,522,42.75,-9.098
8480068,ANA,44.57,59.71,799,42.74,-15.14
8481056,EDM,16.53,22.15,300,42.73,-5.624
8479442,EDM,0.54,0.73,11,42.72,-0.185
8478474,UTA,43.52,58.46,831,42.68,-14.937
8481564,BUF,0.98,1.32,18,42.65,-0.338
8479369,BOS,37.25,50.12,718,42.63,-12.873
8479977,UTA,20.34,27.38,467,42.63,-7.034
8478450,PIT,48.48,65.35,852,42.59,-16.866
8480840,DAL,26.87,36.21,513,42.59,-9.346
8473422,MIN,13.96,18.84,290,42.57,-4.876
8476856,PIT,1.52,2.05,37,42.57,-0.53
8483570,SEA,17.47,23.6,355,42.55,-6.124
8478416,TBL,27.32,36.94,535,42.51,-9.622
8481599,BOS,4.64,6.28,90,42.49,-1.64
8478911,WSH,46.14,62.46,798,42.49,-16.32
8473422,CHI,9.07,12.28,192,42.48,-3.21
8478454,PHI,18.59,25.17,379,42.48,-6.579
8480797,CGY,38.08,51.68,743,42.43,-13.597
8475753,STL,26.29,35.69,560,42.42,-9.396
8478507,UTA,44.92,60.96,904,42.42,-16.043
8484234,CGY,2.18,2.96,49,42.38,-0.784
8476927,VAN,18.13,24.66,349,42.37,-6.527
8480947,VAN,62.28,84.71,94,42.37,-22.427
8479343,UTA,48.41,65.87,847,42.36,-17.453
8481535,VAN,11.06,15.09,240,42.28,-4.037
8480834,EDM,29.96,40.92,590,42.27,-10.961
8483490,ANA,49.57,67.78,919,42.24,-18.209
8478399,NJD,38.94,53.32,767,42.21,-14.377
8475231,NYI,27.28,37.37,544,42.19,-10.095
8482768,NSH,25.03,34.33,502,42.16,-9.303
8480001,NYR,11.13,15.29,225,42.13,-4.16
8482703,EDM,4.25,5.83,90,42.12,-1.588
8477951,UTA,49.62,68.29,900,42.08,-18.667
8481732,LAK,1.38,1.9,24,42.02,-0.524
8479336,PHI,18.68,25.78,377,42.01,-7.103
8482165,CGY,31.22,43.17,594,41.97,-11.949
8476458,CGY,12.14,16.78,248,41.96,-4.648
8481601,NYI,44.55,61.65,732,41.95,-17.1
8478841,NJD,5.92,8.21,135,41.89,-2.293
8478136,MIN,40.02,55.52,817,41.89,-15.503
8483466,CHI,4.07,5.65,94,41.89,-1.577
8480196,BUF,6.13,8.51,136,41.85,-2.386
8478831,UTA,32.04,44.54,647,41.84,-12.506
8484428,CAR,4.1,5.71,76,41.78,-1.612
8484529,EDM,0.37,0.52,11,41.77,-0.148
8485511,EDM,1.14,1.6,23,41.74,-0.452
8479992,DET,21.32,29.75,436,41.74,-8.432
8478888,DAL,0.8,1.12,15,41.68,-0.321
8477406,EDM,13.48,18.87,239,41.68,-5.386
8482131,FLA,21.06,29.48,369,41.67,-8.422
8481600,FLA,7.24,10.14,154,41.67,-2.896
8484230,STL,11.55,16.19,273,41.64,-4.641
8478462,TOR,18.73,26.32,398,41.57,-7.592
8480084,UTA,9.15,12.87,204,41.56,-3.719
8481477,MIN,17.15,24.11,368,41.56,-6.962
8484240,VAN,31.79,44.72,672,41.55,-12.933
8479388,EDM,1.43,2.03,33,41.43,-0.593
8475842,BUF,8.13,11.49,146,41.41,-3.369
8480807,BUF,58.16,82.35,999,41.39,-24.192
8478046,PIT,2.19,3.1,45,41.39,-0.91
8475455,NJD,37.42,53.08,689,41.35,-15.661
8477369,NYR,15.97,22.67,320,41.33,-6.7
8479980,NSH,34.46,49.0,643,41.29,-14.544
8481519,CHI,82.22,117.37,134,41.19,-35.155
8479533,PIT,2.58,3.68,55,41.19,-1.103
8479393,FLA,9.87,14.08,209,41.19,-4.218
8476374,BOS,26.04,37.37,519,41.07,-11.326
8482166,SJS,25.62,36.77,475,41.07,-11.146
8476917,NYI,51.86,74.46,898,41.06,-22.596
8482861,NYR,2.3,3.3,42,41.05,-1.001
8482731,ANA,7.19,10.33,160,41.04,-3.138
8479370,NSH,25.36,36.5,495,41.0,-11.139
8483447,TBL,5.16,7.43,103,40.97,-2.274
8481789,SEA,8.6,12.41,212,40.92,-3.817
8483467,VAN,1.29,1.86,25,40.9,-0.573
8481789,NYR,11.87,17.18,250,40.86,-5.311
8476869,NSH,52.87,76.51,953,40.86,-23.639
8484135,WPG,2.76,4.0,65,40.81,-1.242
8477507,BOS,42.85,62.18,823,40.8,-19.327
8476902,DAL,51.27,74.38,879,40.8,-23.111
8481517,WSH,0.49,0.72,17,40.8,-0.223
8480355,BOS,24.35,35.4,507,40.76,-11.045
8476891,CHI,28.94,42.24,592,40.66,-13.303
8484185,CHI,15.98,23.33,326,40.65,-7.349
8481481,PIT,18.8,27.51,363,40.59,-8.717
8478859,FLA,31.8,46.54,646,40.59,-14.749
8483506,CHI,29.74,43.59,570,40.56,-13.851
8477970,UTA,25.14,36.87,46,40.54,-11.735
8476931,TOR,50.03,73.44,968,40.52,-23.417
8479985,SEA,5.54,8.14,123,40.5,-2.598
8478851,MTL,44.75,65.86,798,40.46,-21.108
8479442,TOR,36.37,53.58,693,40.43,-17.211
8486056,CGY,2.84,4.19,57,40.4,-1.349
8476331,WPG,44.27,65.54,866,40.31,-21.272
8475179,FLA,13.07,19.44,273,40.21,-6.369
8474641,EDM,22.52,33.52,466,40.19,-10.998
8480289,WPG,24.78,36.9,476,40.18,-12.116
8478443,TOR,28.97,43.15,580,40.17,-14.183
8476874,CGY,19.87,29.62,364,40.15,-9.749
8481607,DET,32.35,48.28,687,40.12,-15.927
8478133,MTL,37.77,56.37,677,40.12,-18.604
8482742,NSH,12.2,18.24,253,40.09,-6.035
8479410,UTA,54.84,81.99,992,40.08,-27.147
8481556,BOS,0.48,0.72,9,40.07,-0.238
8481028,CGY,5.56,8.31,132,40.06,-2.757
8479619,UTA,30.04,45.08,632,39.99,-15.046
8485512,ANA,20.07,30.17,453,39.96,-10.091
8481043,WPG,21.15,31.78,429,39.96,-10.626
8482073,NYR,41.86,62.94,887,39.94,-21.078
8479316,FLA,15.36,23.18,342,39.85,-7.821
8480980,PIT,32.29,48.78,643,39.83,-16.494
8474090,CBJ,5.08,7.69,116,39.77,-2.612
8477070,UTA,8.46,12.82,215,39.76,-4.357
8484388,UTA,8.88,13.45,194,39.76,-4.571
8483114,WPG,1.53,2.32,2,39.74,-0.789
8478569,PIT,30.87,46.89,579,39.7,-16.018
8476525,WPG,5.43,8.28,106,39.61,-2.848
8477450,CHI,15.16,23.14,308,39.57,-7.985
8476905,SEA,43.07,65.85,834,39.54,-22.777
8483468,BUF,3.48,5.33,92,39.53,-1.844
8482118,ANA,1.05,1.61,35,39.45,-0.562
8483465,NSH,6.6,10.14,142,39.45,-3.532
8477488,NJD,14.79,22.73,266,39.41,-7.946
8477508,EDM,11.69,18.0,246,39.38,-6.306
8475831,SEA,42.55,65.62,73,39.34,-23.066
8476872,TOR,12.24,18.9,271,39.31,-6.658
8476981,MTL,35.7,55.16,662,39.29,-19.457
8482103,NSH,7.63,11.81,157,39.26,-4.175
8482094,MIN,11.07,17.14,227,39.24,-6.07
8482691,VAN,20.42,31.64,457,39.23,-11.216
8482896,BUF,12.13,18.84,274,39.18,-6.705
8484779,PHI,0.71,1.1,22,39.12,-0.393
8480009,SEA,31.6,49.24,677,39.09,-17.632
8478840,NYR,32.1,50.02,716,39.08,-17.928
8477346,UTA,19.8,30.89,435,39.07,-11.084
8479359,BUF,25.09,39.13,554,39.06,-14.045
8477938,WPG,13.7,21.38,300,39.06,-7.679
8484386,UTA,5.68,8.87,127,39.03,-3.192
8475181,SJS,17.23,26.96,345,38.99,-9.729
8483712,FLA,1.62,2.54,36,38.95,-0.919
8476967,EDM,9.36,14.69,180,38.93,-5.326
8484242,WPG,0.92,1.45,22,38.92,-0.525
8476875,MTL,63.89,100.31,1069,38.91,-36.421
8483709,CGY,1.31,2.06,29,38.91,-0.749
8478233,CHI,3.74,5.88,105,38.88,-2.138
8481032,NJD,17.78,27.99,415,38.86,-10.201
8482821,CHI,35.37,55.84,57,38.78,-20.473
8476278,DAL,20.1,31.75,453,38.77,-11.651
8478452,PIT,2.55,4.04,60,38.75,-1.483
8479293,UTA,10.44,16.51,251,38.75,-6.061
8476479,MTL,25.99,41.13,474,38.72,-15.14
8483450,CHI,37.13,58.78,748,38.72,-21.643
8480796,WSH,40.59,64.34,762,38.69,-23.744
8481806,CHI,36.68,58.49,749,38.54,-21.813
8482802,DET,2.65,4.24,64,38.51,-1.584
8475279,DET,44.12,70.5,907,38.49,-26.376
8480043,SJS,16.9,27.06,343,38.45,-10.159
8482117,VAN,2.83,4.56,57,38.28,-1.734
8482787,WPG,1.63,2.63,51,38.26,-1.002
8479372,SEA,7.7,12.46,208,38.2,-4.757
8477446,MIN,16.39,26.59,360,38.13,-10.208
8477450,EDM,12.7,20.62,272,38.11,-7.924
8480860,CGY,41.89,68.1,897,38.08,-26.215
8474574,VAN,24.6,40.1,486,38.03,-15.493
8483678,VAN,26.22,42.76,533,38.01,-16.537
8479022,PHI,8.9,14.57,209,37.92,-5.67
8484793,CHI,2.28,3.73,52,37.9,-1.453
8484406,VAN,1.86,3.05,42,37.82,-1.195
8479395,NJD,4.34,7.14,114,37.8,-2.799
8479576,SJS,21.45,35.37,441,37.75,-13.922
8476419,NYI,35.95,59.81,672,37.54,-23.866
8477446,NSH,17.1,28.64,371,37.39,-11.538
8479983,SJS,41.08,68.78,781,37.39,-27.697
8476441,LAK,36.81,61.72,857,37.36,-24.911
8483766,MIN,0.45,0.76,12,37.33,-0.309
8476994,FLA,8.69,14.59,176,37.32,-5.901
8483499,VAN,19.24,32.4,441,37.25,-13.168
8484262,NYI,2.81,4.73,76,37.25,-1.92
8480806,CBJ,19.37,32.7,492,37.19,-13.336
8482176,CHI,36.42,61.7,770,37.12,-25.282
8481624,CHI,32.88,55.87,703,37.05,-22.985
8481556,CGY,7.84,13.33,180,37.04,-5.487
8476624,SJS,21.82,37.11,473,37.03,-15.289
8476467,SEA,29.18,49.77,637,36.96,-20.593
8475343,WSH,18.04,30.79,418,36.95,-12.744
8476889,DAL,14.7,25.23,331,36.82,-10.528
8482641,MIN,3.16,5.44,69,36.75,-2.28
8482873,NJD,1.06,1.82,19,36.7,-0.765
8482168,TBL,0.99,1.72,11,36.59,-0.729
8477969,VAN,38.62,67.59,852,36.36,-28.964
8481122,TOR,26.98,47.41,633,36.27,-20.425
8480879,DET,22.44,39.54,506,36.2,-17.105
8477919,SEA,26.62,47.12,630,36.1,-20.5
8480144,VAN,10.63,18.85,259,36.06,-8.22
8480727,CGY,19.77,35.16,407,36.0,-15.384
8476473,EDM,18.9,33.62,455,35.99,-14.719
8480246,NSH,35.07,62.44,767,35.96,-27.374
8482516,STL,5.93,10.6,148,35.88,-4.67
8478409,PHI,0.19,0.34,5,35.86,-0.15
8481567,TOR,1.92,3.45,53,35.81,-1.524
8481568,CHI,41.23,74.03,865,35.77,-32.798
8479324,SEA,32.05,57.72,710,35.7,-25.666
8483463,STL,1.84,3.32,41,35.66,-1.48
8481004,CAR,0.9,1.63,23,35.64,-0.728
8477931,FLA,11.29,20.42,242,35.61,-9.126
8479942,DET,3.41,6.18,94,35.56,-2.769
8477506,NYI,41.94,76.21,846,35.5,-34.271
8476897,STL,14.87,27.03,359,35.48,-12.169
8483513,NSH,12.77,23.23,311,35.47,-10.462
8479026,TOR,14.27,25.98,378,35.46,-11.708
8482062,NSH,9.88,18.03,235,35.41,-8.148
8478904,TOR,17.91,32.68,431,35.41,-14.766
8476457,SEA,38.44,70.54,857,35.27,-32.103
8482067,NYR,1.35,2.49,34,35.18,-1.14
8481715,STL,0.37,0.68,9,35.11,-0.313
8483435,OTT,0.53,0.98,13,35.08,-0.452
8483526,WPG,0.38,0.71,10,34.98,-0.326
8480842,PIT,2.97,5.53,69,34.92,-2.563
8482172,CHI,12.33,22.99,282,34.91,-10.663
8475762,VAN,0.84,1.57,18,34.82,-0.733
8475714,TOR,15.44,29.09,391,34.68,-13.65
8474149,NJD,4.1,7.76,113,34.58,-3.656
8480281,STL,16.53,31.29,410,34.57,-14.759
8478891,DET,16.11,30.72,408,34.4,-14.608
8482807,CHI,7.86,15.02,198,34.34,-7.165
8476473,CHI,15.03,28.87,391,34.24,-13.836
8474612,DET,4.07,7.83,119,34.22,-3.758
8483499,MIN,2.73,5.24,84,34.21,-2.517
8478472,LAK,2.73,5.27,99,34.14,-2.536
8481491,EDM,2.59,5.04,62,33.95,-2.452
8483460,PHI,0.52,1.01,13,33.94,-0.493
8483687,FLA,1.99,3.87,49,33.93,-1.882
8478043,CHI,4.62,9.13,143,33.59,-4.51
8477996,NJD,2.94,5.82,93,33.53,-2.887
8477021,UTA,14.64,29.08,408,33.49,-14.438
8478104,TOR,0.6,1.19,14,33.44,-0.594
8480870,TOR,7.88,15.72,181,33.39,-7.839
8481070,STL,1.2,2.4,33,33.36,-1.197
8478413,BUF,12.64,25.25,315,33.36,-12.613
8477463,TBL,1.3,2.61,32,33.18,-1.313
8479944,CBJ,3.39,6.89,101,32.99,-3.498
8482747,CGY,1.3,2.66,26,32.92,-1.353
8483841,NJD,1.31,2.68,37,32.79,-1.374
8486166,MIN,1.44,2.95,33,32.73,-1.515
8482090,STL,6.72,13.97,168,32.48,-7.251
8476316,SJS,1.99,4.16,4,32.35,-2.172
8480021,FLA,3.51,7.38,107,32.23,-3.867
8481133,FLA,5.82,12.27,150,32.18,-6.447
8485467,TOR,1.49,3.18,34,31.92,-1.69
8483448,NYI,0.76,1.63,19,31.87,-0.87
8479982,BUF,18.41,39.39,432,31.85,-20.982
8482117,CHI,0.59,1.28,16,31.54,-0.69
8483768,VAN,7.71,16.76,197,31.51,-9.049
8483746,ANA,0.73,1.6,1,31.45,-0.866
8483531,NJD,1.51,3.3,52,31.4,-1.79
8480291,CAR,1.58,3.46,43,31.32,-1.884
8475790,CBJ,17.59,38.79,411,31.21,-21.193
8480848,SJS,11.98,26.84,323,30.86,-14.86
8482131,OTT,0.45,1.04,20,30.33,-0.586
8482515,TOR,4.95,11.49,8,30.1,-6.544
8484901,TOR,6.2,14.49,173,29.97,-8.288
8482206,SJS,2.01,4.69,56,29.96,-2.684
8482663,TBL,0.24,0.58,7,29.26,-0.34
8480874,PHI,1.53,3.8,42,28.69,-2.273
8483476,VAN,2.65,6.68,86,28.38,-4.032
8481065,NJD,1.53,4.09,54,27.25,-2.556
8481014,NYI,4.79,13.17,126,26.66,-8.381
8476822,NJD,5.68,16.37,200,25.74,-10.698
8477073,OTT,1.19,3.44,46,25.67,-2.252
8480326,DET,0.67,2.1,29,24.34,-1.422
8483397,NJD,1.18,3.77,45,23.88,-2.586
8481594,NJD,0.14,0.45,9,23.61,-0.31
8479941,BUF,0.68,2.29,33,22.91,-1.609
8483546,TOR,0.24,0.83,9,22.75,-0.583
8480144,WSH,0.34,1.16,16,22.47,-0.825
8483444,ANA,0.63,2.21,23,22.15,-1.585
8478967,PHI,0.13,0.47,7,22.08,-0.34
8482162,EDM,0.27,1.02,15,21.26,-0.743
8480825,SJS,0.27,1.12,13,19.65,-0.844
8477405,NYI,0.2,0.84,2,19.19,-0.64
8485385,VAN,0.53,2.28,28,18.75,-1.754
8482624,CGY,0.24,1.21,20,16.69,-0.971
8484933,FLA,0.63,3.14,28,16.68,-2.514
8477419,BUF,0.17,0.87,11,16.02,-0.707
8477320,NYR,0.03,0.26,4,10.99,-0.227
8482479,BUF,0.09,0.99,6,8.25,-0.902
8480853,NYI,0.05,0.55,7,7.77,-0.5
8483039,COL,0.0,0.12,3,3.09,-0.12
8477851,NSH,0.0,1.6,14,0.0,-1.605
