team,xgf,xga,gf_at_5v5,ga_at_5v5,xgf_pct
CAR,202.02,153.5,193,150,56.82
COL,211.92,162.22,206,143,56.64
OTT,157.11,123.43,155,138,56.0
VGK,207.2,168.52,201,171,55.15
?,84.86,76.18,78,80,52.69
TBL,158.97,143.25,163,147,52.6
ANA,202.64,186.13,187,209,52.12
EDM,182.99,168.68,171,164,52.03
MIN,187.4,174.58,202,168,51.77
DAL,162.94,154.07,173,147,51.4
LAK,153.14,148.59,133,146,50.75
CBJ,162.31,157.64,147,145,50.73
PHI,178.8,173.62,157,166,50.73
PIT,179.92,175.08,194,191,50.68
DET,155.62,152.52,141,150,50.5
NJD,142.25,142.64,119,135,49.93
WSH,167.62,169.08,148,142,49.78
MTL,198.91,201.79,203,181,49.64
FLA,155.85,159.4,145,173,49.44
BUF,176.43,182.71,181,162,49.13
UTA,130.36,136.29,145,119,48.89
WPG,144.4,153.37,134,153,48.49
NYR,140.96,150.95,145,132,48.29
NYI,160.75,172.58,133,150,48.23
BOS,147.44,160.39,154,147,47.9
NSH,151.26,165.38,150,138,47.77
STL,136.75,150.48,134,151,47.61
SEA,127.73,145.51,123,147,46.75
CGY,142.3,165.59,141,155,46.22
SJS,140.24,164.03,147,179,46.09
TOR,138.76,170.63,150,172,44.85
VAN,133.12,170.23,127,170,43.88
CHI,127.3,171.19,111,170,42.65
