team,team_strength,top6_F,bot6_F,topD,botD,goalie,top_goalie,top_goalie_gp,backup_goalie,backup_gp,actual_points,actual_wins,actual_gf,actual_ga,actual_diff,made_playoffs,division,conference,ts_rank,actual_rank,delta_rank
COL,1.1513,1.0397,0.3539,0.7146,0.4582,2.7225,Scott Wedgewood,45,Mackenzie Blackwood,38,121,55,302,203,99,True,Central,Western,1,1,0
TBL,1.0923,1.3046,0.3642,0.5181,0.1358,2.3578,Andrei Vasilevskiy,58,Jonas Johansson,25,106,50,290,231,59,True,Atlantic,Eastern,2,5,-3
DAL,0.8131,1.1122,0.4999,0.5669,-0.0074,1.239,Jake Oettinger,54,Casey DeSmith,30,112,50,279,226,53,True,Central,Western,3,3,0
CAR,0.7901,1.1192,0.6299,0.4144,0.6603,-0.0167,Brandon Bussi,39,Frederik Andersen,35,113,53,296,240,56,True,Metropolitan,Eastern,4,2,2
BUF,0.4884,0.866,0.3699,0.5853,-0.067,1.9308,Alex Lyon,36,Ukko-Pekka Luukkonen,35,109,50,288,241,47,True,Atlantic,Eastern,5,4,1
MIN,0.443,0.94,0.3702,0.5784,0.3599,0.5594,Filip Gustavsson,50,Jesper Wallstedt,35,104,46,272,240,32,True,Central,Western,6,7,-1
WSH,0.4365,0.8506,0.1838,0.4562,0.1144,3.3533,Logan Thompson,58,Charlie Lindgren,21,95,43,263,244,19,False,Metropolitan,Eastern,7,12,-5
CBJ,0.3798,0.6736,0.3714,0.7704,0.0404,1.3457,Jet Greaves,55,Elvis Merzlikins,30,92,40,253,253,0,False,Metropolitan,Eastern,8,15,-7
EDM,0.3259,1.0821,0.1799,0.735,0.1386,-0.2133,Tristan Jarry,33,Connor Ingram,32,93,41,282,269,13,True,Pacific,Western,9,14,-5
VGK,0.228,1.1546,0.3077,0.5644,0.2112,-1.1382,Akira Schmid,34,Adin Hill,27,95,39,265,250,15,True,Pacific,Western,10,13,-3
UTA,0.1967,0.7911,0.3508,0.4193,0.6356,0.7739,Karel Vejmelka,64,Vitek Vanecek,22,92,43,268,240,28,True,Central,Western,11,18,-7
WPG,0.1578,0.851,0.3841,0.4636,0.1243,0.6088,Connor Hellebuyck,57,Eric Comrie,25,82,35,231,260,-29,False,Central,Western,12,26,-14
FLA,0.1313,1.0567,0.5974,0.333,0.0853,-1.3527,Sergei Bobrovsky,52,Daniil Tarasov,33,84,40,251,276,-25,False,Atlantic,Eastern,13,25,-12
NYI,0.1044,0.5084,0.4908,0.2577,0.0968,2.9773,Ilya Sorokin,55,David Rittich,30,91,43,233,241,-8,False,Metropolitan,Eastern,14,19,-5
BOS,0.0992,0.7245,0.1503,0.4032,0.0637,3.0106,Jeremy Swayman,55,Joonas Korpisalo,31,100,45,272,250,22,True,Atlantic,Eastern,15,8,7
OTT,0.097,1.0149,0.4773,0.4973,0.6351,-2.3519,Linus Ullmark,49,Leevi Merilinen,20,99,44,278,246,32,True,Atlantic,Eastern,16,9,7
NJD,0.0888,1.0832,0.3538,0.3849,0.1532,-0.5966,Jacob Markstrom,44,Jake Allen,37,87,42,230,254,-24,False,Metropolitan,Eastern,17,21,-4
NYR,0.086,0.7387,0.1441,0.5666,0.0381,2.0263,Igor Shesterkin,51,Jonathan Quick,25,77,34,238,250,-12,False,Metropolitan,Eastern,18,29,-11
PIT,0.0794,0.9189,0.387,0.3647,0.3696,-0.0896,Stuart Skinner,50,Arturs Silovs,39,98,41,293,268,25,True,Metropolitan,Eastern,19,11,8
MTL,0.0743,0.8246,0.0969,0.5337,0.2755,1.5176,Jakub Dobes,43,Samuel Montembeault,25,106,48,283,256,27,True,Atlantic,Eastern,20,6,14
ANA,-0.0572,0.7089,0.4083,0.5161,0.3889,-0.4968,Lukas Dostal,56,Ville Husso,20,92,43,273,288,-15,True,Pacific,Western,21,16,5
DET,-0.2573,0.8027,0.3231,0.3321,-0.168,0.4082,John Gibson,57,Cam Talbot,34,92,41,241,258,-17,False,Atlantic,Eastern,22,17,5
TOR,-0.3749,0.9085,0.3232,0.3663,-0.1265,-1.106,Joseph Woll,39,Anthony Stolarz,26,78,32,253,299,-46,False,Atlantic,Eastern,23,28,-5
PHI,-0.3822,0.4647,0.5095,0.2932,0.1698,0.334,Dan Vladar,52,Samuel Ersson,33,98,43,250,243,7,True,Metropolitan,Eastern,24,10,14
LAK,-0.3885,0.7712,0.3508,0.29,-0.2285,0.0974,Darcy Kuemper,50,Anton Forsberg,36,90,35,225,247,-22,True,Pacific,Western,25,20,5
NSH,-0.5352,0.9352,0.074,0.2899,0.1807,-0.602,Juuse Saros,59,Justus Annunen,28,86,38,247,269,-22,False,Central,Western,26,22,4
CGY,-0.5734,0.6628,0.296,0.0771,0.0926,0.8212,Dustin Wolf,57,Devin Cooley,31,77,34,212,259,-47,False,Pacific,Western,27,30,-3
STL,-0.6489,0.6805,0.2627,0.2664,0.2176,-0.7284,Joel Hofer,46,Jordan Binnington,41,86,37,231,258,-27,False,Central,Western,28,23,5
CHI,-0.805,0.4618,0.3283,0.0184,0.0934,1.0085,Spencer Knight,54,Arvid Soderblom,26,72,29,213,275,-62,False,Central,Western,29,31,-2
SEA,-0.8692,0.377,0.3365,0.1998,0.3144,-0.2294,Joey Daccord,47,Philipp Grubauer,32,79,34,226,263,-37,False,Pacific,Western,30,27,3
SJS,-1.0912,0.6103,0.2174,0.164,0.2807,-1.7923,Yaroslav Askarov,47,Alex Nedeljkovic,40,86,39,251,292,-41,False,Pacific,Western,31,24,7
VAN,-1.2804,0.6166,0.2619,0.1884,-0.0736,-2.6143,Kevin Lankinen,47,Nikita Tolopilo,21,58,25,216,316,-100,False,Pacific,Western,32,32,0
