team,xgf,xga,xgf_pct,xgf_60,xga_60,xgf_5v5,xga_5v5,xgf_pct_5v5,xgf_60_5v5,xga_60_5v5
COL,277.842143,207.95814,57.19,3.344,2.503,204.206,146.778,58.18,3.111,2.236
CAR,282.765485,218.527117,56.41,3.395,2.624,202.751,157.354,56.3,3.044,2.362
OTT,253.987747,201.952616,55.71,3.068,2.44,176.805,141.207,55.6,2.703,2.159
VGK,255.037833,206.153483,55.3,3.051,2.466,178.809,148.88,54.57,2.628,2.189
TBL,255.062696,223.384539,53.31,3.079,2.696,178.275,152.056,53.97,2.735,2.333
DAL,242.101711,218.892734,52.52,2.905,2.627,162.045,152.971,51.44,2.457,2.32
EDM,262.012661,243.457332,51.84,3.163,2.939,181.403,173.38,51.13,2.658,2.54
PHI,230.688831,217.706076,51.45,2.753,2.598,156.162,147.258,51.47,2.355,2.221
UTA,241.333748,228.131466,51.41,2.927,2.767,178.822,160.268,52.74,2.693,2.413
FLA,242.427291,229.29462,51.39,2.925,2.767,160.882,163.742,49.56,2.486,2.531
MIN,243.924765,231.452907,51.31,2.921,2.772,174.034,167.335,50.98,2.592,2.492
PIT,253.414377,243.664519,50.98,3.039,2.922,183.105,175.528,51.06,2.739,2.626
ANA,261.637193,251.79318,50.96,3.131,3.013,182.371,176.642,50.8,2.797,2.709
LAK,225.395598,221.574187,50.43,2.69,2.644,163.023,151.918,51.76,2.427,2.262
NJD,238.072543,234.820073,50.34,2.872,2.832,164.478,175.978,48.31,2.413,2.582
DET,241.779505,240.857978,50.1,2.914,2.903,161.622,174.884,48.03,2.423,2.622
BUF,239.013668,241.215045,49.77,2.885,2.911,174.754,167.323,51.09,2.653,2.54
WSH,246.708395,249.520214,49.72,2.973,3.007,175.227,170.225,50.72,2.669,2.592
MTL,252.786453,256.544823,49.63,3.029,3.074,172.47,173.871,49.8,2.64,2.661
CBJ,241.6335,245.500081,49.6,2.898,2.945,178.266,169.054,51.33,2.634,2.498
STL,216.549331,229.665677,48.53,2.611,2.769,164.721,163.139,50.24,2.443,2.42
NYI,234.849307,250.030057,48.43,2.825,3.008,163.621,178.813,47.78,2.482,2.712
WPG,218.338671,235.551214,48.1,2.633,2.84,155.478,171.195,47.59,2.317,2.551
NSH,228.670424,257.084936,47.08,2.75,3.092,160.425,181.597,46.9,2.438,2.76
NYR,216.4677,243.518417,47.06,2.611,2.937,150.67,167.054,47.42,2.24,2.483
SJS,218.821685,246.720067,47.0,2.637,2.973,154.032,173.454,47.03,2.337,2.632
BOS,226.210934,255.129763,47.0,2.719,3.066,156.963,168.264,48.26,2.39,2.562
SEA,206.525763,238.404879,46.42,2.483,2.866,149.681,171.272,46.64,2.201,2.518
CGY,210.710657,251.784279,45.56,2.541,3.037,151.397,174.949,46.39,2.284,2.639
TOR,221.581812,266.141177,45.43,2.661,3.196,157.888,183.359,46.27,2.349,2.727
VAN,220.332174,270.293352,44.91,2.648,3.249,148.734,200.56,42.58,2.219,2.992
CHI,207.549432,257.509085,44.63,2.497,3.097,148.395,191.211,43.7,2.219,2.859
