team,team_strength,top6_forward_strength,bottom6_forward_strength,top_pair_d_strength,bottom_pair_d_strength,goalie_strength,n_forwards,n_defense,n_goalies,top_goalie,top_goalie_gp,top_goalie_war,backup_goalie,backup_goalie_gp,backup_goalie_war,top6_forward_strength_z,bottom6_forward_strength_z,top_pair_d_strength_z,bottom_pair_d_strength_z,goalie_strength_z
TBL,0.9091,1.3046,0.3642,0.5181,0.1358,1.5,15,9,3,Andrei Vasilevskiy,58,4.123,Jonas Johansson,25,-1.738,2.1250118674029483,0.21565215680778801,0.6002458343941947,-0.18937270835115513,1.1873100741319287
COL,0.8982,1.0397,0.3539,0.7146,0.4582,1.5,14,9,3,Scott Wedgewood,45,3.853,Mackenzie Blackwood,38,1.383,0.931477333624271,0.13662285851576333,1.6943225364263983,1.2935269937491845,1.1873100741319287
DAL,0.7953,1.1122,0.4999,0.5669,-0.0074,1.239,17,9,2,Jake Oettinger,54,0.953,Casey DeSmith,30,1.753,1.2581336329785713,1.2568439799366926,0.871955468283108,-0.8480303924106112,0.9386138505867794
CAR,0.6805,1.1192,0.6299,0.4144,0.6603,-0.0167,14,7,3,Brandon Bussi,39,0.463,Frederik Andersen,35,-0.552,1.2896728618817446,2.254301142845739,0.022862862380252987,2.2230990464615874,-0.2578913138026615
BUF,0.4671,0.866,0.3699,0.5853,-0.067,1.5,21,12,4,Alex Lyon,36,2.105,Ukko-Pekka Luukkonen,35,1.752,0.1488538964126576,0.2593868170276461,0.9744033630281087,-1.12216445644653,1.1873100741319287
CBJ,0.4351,0.6736,0.3714,0.7704,0.0404,1.3457,14,9,2,Jet Greaves,55,2.743,Elvis Merzlikins,30,-1.217,-0.7180243380117199,0.2708959381381351,2.0050069128813446,-0.628171193401938,1.0402839159211372
MIN,0.4292,0.94,0.3702,0.5784,0.3599,0.5594,18,12,5,Filip Gustavsson,50,0.23,Jesper Wallstedt,35,1.03,0.48226860196049487,0.2616886412497436,0.9359854024987335,0.8413897706832311,0.2910508102753482
EDM,0.271,1.0821,0.1799,0.735,0.1386,-0.2133,16,7,3,Tristan Jarry,33,-0.688,Connor Ingram,32,0.277,1.1225149486949237,-1.1984351903009605,1.8079060719045505,-0.17649392681926634,-0.44522341169145985
UTA,0.2361,0.7911,0.3508,0.4193,0.6356,0.7739,19,11,4,Karel Vejmelka,64,1.153,Vitek Vanecek,22,-0.33,-0.18861585285130208,0.11283734155408613,0.05014518217647596,2.109489795090997,0.49543908594751124
WPG,0.1905,0.851,0.3841,0.4636,0.1243,0.6088,14,9,2,Connor Hellebuyck,57,0.923,Eric Comrie,25,-0.108,0.08126983447728506,0.3683398302069419,0.2967996244157972,-0.24226770392855565,0.33812204952105845
WSH,0.1853,0.8506,0.1838,0.4562,0.1144,1.5,15,9,3,Logan Thompson,58,4.887,Charlie Lindgren,21,-0.882,0.07946759282567532,-1.1685114754136892,0.255597753703134,-0.28780339577344816,1.1873100741319287
MTL,0.1842,0.8246,0.0969,0.5337,0.2755,1.5,17,9,3,Jakub Dobes,43,2.877,Samuel Montembeault,25,-0.82,-0.03767811452897037,-1.8352732250813517,0.6871038321127815,0.45318649879344003,1.1873100741319287
OTT,0.1212,1.0149,0.4773,0.4973,0.6351,-1.5,19,11,3,Linus Ullmark,49,-2.135,Leevi Merilinen,20,-2.883,0.8197383512244545,1.0834398885386582,0.48443517076941184,2.107190012674588,-1.6712672079962247
VGK,0.1176,1.1546,0.3077,0.5644,0.2112,-1.1382,21,10,4,Akira Schmid,34,-0.167,Adin Hill,27,-2.362,1.449171248049224,-0.21785807168729796,0.8580359173666681,0.15743448004327912,-1.3265227877715695
NYR,0.1091,0.7387,0.1441,0.5666,0.0381,1.5,15,8,3,Igor Shesterkin,51,3.542,Jonathan Quick,25,-1.065,-0.42470950921220324,-1.4731195474712977,0.8702851221731354,-0.6387501925174182,1.1873100741319287
PIT,0.0709,0.9189,0.387,0.3647,0.3696,-0.0896,16,10,2,Stuart Skinner,50,1.385,Arturs Silovs,39,-1.98,0.3872003548380714,0.3905907976872207,-0.253857809838579,0.8860055495615601,-0.32735474175837564
NJD,0.0404,1.0832,0.3538,0.3849,0.1532,-0.5966,14,8,2,Jacob Markstrom,44,-1.988,Jake Allen,37,1.058,1.1274711132368507,0.13585558377506415,-0.14138783843374178,-0.10934028026013186,-0.8104543024380335
FLA,0.0192,1.0567,0.5974,0.333,0.0853,-1.3527,18,7,2,Sergei Bobrovsky,52,-2.025,Daniil Tarasov,33,-0.293,1.0080726038176928,2.004936852118478,-0.4303577154590414,-0.4216507324084354,-1.5309110634437324
NYI,-0.0342,0.5084,0.4908,0.2577,0.0968,1.5,14,8,3,Ilya Sorokin,55,4.217,David Rittich,30,0.705,-1.462350140126622,1.1870219785330594,-0.8496145890622219,-0.36875573683103496,1.1873100741319287
BOS,-0.0442,0.7245,0.1503,0.4032,0.0637,1.5,15,8,2,Jeremy Swayman,55,4.797,Joonas Korpisalo,31,-0.158,-0.4886890878443558,-1.4255485135479433,-0.039496725725399265,-0.5210013327972919,1.1873100741319287
ANA,-0.0761,0.7089,0.4083,0.5161,0.3889,-0.4968,16,11,5,Lukas Dostal,56,-0.487,Ville Husso,20,-0.525,-0.5589765122571434,0.5540203174561643,0.5891101936610424,0.9747771508349367,-0.7153589648525704
DET,-0.1776,0.8027,0.3231,0.3321,-0.168,0.4082,12,7,2,John Gibson,57,1.955,Cam Talbot,34,-2.185,-0.1363508449546143,-0.09969776161961072,-0.43536875378895995,-1.5867205045610908,0.14697851525608926
PHI,-0.2893,0.4647,0.5095,0.2932,0.1698,0.334,20,11,4,Dan Vladar,52,2.293,Samuel Ersson,33,-2.753,-1.659245040565007,1.3305023550438217,-0.6519569660487702,-0.032987504035362485,0.07627637047811962
LAK,-0.3127,0.7712,0.3508,0.29,-0.2285,0.0974,16,7,2,Darcy Kuemper,50,-0.962,Anton Forsberg,36,1.568,-0.2782773750188963,0.11283734155408613,-0.6697739912218139,-1.8649941769465455,-0.14917009117238744
TOR,-0.3924,0.9085,0.3232,0.3663,-0.1265,-1.106,12,8,2,Joseph Woll,39,-1.1,Anthony Stolarz,26,-1.115,0.3403420718962128,-0.09893048687891154,-0.24494929725205727,-1.3958385639991673,-1.295840724943394
CGY,-0.4149,0.6628,0.296,0.0771,0.0926,0.8212,19,10,2,Dustin Wolf,57,-0.297,Devin Cooley,31,2.877,-0.7666848626051882,-0.30762921634911206,-1.8551629472658653,-0.3880739091288682,0.5405093210957317
NSH,-0.4904,0.9352,0.074,0.2899,0.1807,-0.602,11,6,2,Juuse Saros,59,-1.545,Justus Annunen,28,1.385,0.46064170214117606,-2.0109791407014836,-0.6703307732584715,0.01714775264234748,-0.8155997415458643
STL,-0.5966,0.6805,0.2627,0.2664,0.2176,-0.7284,14,7,2,Joel Hofer,46,1.948,Jordan Binnington,41,-3.732,-0.6869356695214485,-0.5631317050019677,-0.8011745518730096,0.18687169497331063,-0.9360411310328639
CHI,-0.5976,0.4618,0.3283,0.0184,0.0934,1.0085,16,8,2,Spencer Knight,54,1.817,Arvid Soderblom,26,-0.67,-1.672311292539179,-0.059799475103249,-2.1819940027838824,-0.3843942572626142,0.7189798294099328
SEA,-0.7461,0.377,0.3365,0.1998,0.3144,-0.2294,13,8,3,Joey Daccord,47,-1.027,Philipp Grubauer,32,0.942,-2.0543865226804847,0.003117053634091172,-1.171991388286978,0.632109570790038,-0.4605644431055476
SJS,-0.9822,0.6103,0.2174,0.164,0.2807,-1.5,15,7,2,Yaroslav Askarov,47,-3.152,Alex Nedeljkovic,40,-0.195,-1.0032290793789918,-0.9107071625387354,-1.3713193574104023,0.47710423592409057,-1.6712672079962247
VAN,-1.0057,0.6166,0.2619,0.1884,-0.0736,-1.5,15,8,3,Kevin Lankinen,47,-3.222,Nikita Tolopilo,21,-1.255,-0.974843773366135,-0.5692699029275616,-1.2354645404659454,-1.1525215843431251,-1.6712672079962247
